{
    "刻印触发词":[
        "以下为默认触发词:\n随机乐土刻印"
      ],
    "随机乐土刻印":[
        "{_救世} #{PICTURE-崩三刻印/救世.png}",
        "{_戒律} #{PICTURE-崩三刻印/戒律.png}",
        "{_黄金} #{PICTURE-崩三刻印/黄金.png}",
        "{_螺旋} #{PICTURE-崩三刻印/螺旋.png}",
        "{_鏖灭} #{PICTURE-崩三刻印/鏖灭.png}",
        "{_天慧} #{PICTURE-崩三刻印/天慧.png}",
        "{_刹那} #{PICTURE-崩三刻印/刹那.png}",
        "{_旭光} #{PICTURE-崩三刻印/旭光.png}",
        "{_无限} #{PICTURE-崩三刻印/无限.png}",
        "{_繁星} #{PICTURE-崩三刻印/繁星.png}",
        "{_浮生} #{PICTURE-崩三刻印/浮生.png}",
        "{_空梦} #{PICTURE-崩三刻印/空梦.png}"
        
    ],
    "_救世":[
        "{_救世普通刻印}",
        "{_救世核心刻印}",
        "{_救世增幅刻印}"
    ],
    "_救世普通刻印":[
        "施予者的金杯:开启必杀技后，全伤害提高56%，持续7秒",
        "守望者的坠饰:开启必杀技后，物理伤害提高48%，持续7秒",
        "不死者的烙印:开启必杀技后，元素伤害提高48%，持续7秒",
        "猎杀者的假面:开启必杀技后，物理穿透提高50%，持续7秒",
        "制约者的圣器:开启必杀技后，元素穿透提高32%，持续7秒",
        "求道者的法衣:开启必杀技后，每秒回复4.5点能量，持续7秒"

    ],
    "_救世核心刻印":[
        "救世者的王剑:开启必杀技后，进入【终末之战】状态，期间所有「救世」的普通刻印提供的加成效果提高50%，持续7秒",
        "救世者的孤影:必杀技或爆发状态下的攻击累计命中敌人40次后，进入【救世之战】状态，【救世之战】状态下所有「救世」的普通刻印提供的加成效果强制生效。若女武神具有【爆发】特性，则进战后直接进入【救世之战】状态"

    ],
    "_救世增幅刻印":[
        "救世者的麇集:处于【终末之战】状态时也视为处于爆发状态下。爆发状态下，全伤害提高32%",
        "救世者的远征:进入【终末之战】状态0.5秒后，所有「救世」的普通刻印提供的加成效果从提高50%变为提高144%",
        "救世者的余响:【终末之战】状态和所有「救世」的普通刻印提供的加成效果的持续时间延长至11秒",
        "救世者的残梦:【救世之战】状态下，所有「救世」的普通刻印提供的加成效果提高90%",
        "救世者的决断:必杀技或爆发状态下的攻击每次命中敌人后，额外提高0.8%全伤害，至多提高至80%",
        "救世者的凯旋:进入【救世之战】状态时，自身获得强化，首次攻击命中敌人后10秒内的攻击将无视敌人的防御和元素抗性。强化结束时，使当前场上所有敌人受到的全伤害提高30%"

    ],
    "_戒律":[
        "{_戒律普通刻印}",
        "{_戒律核心刻印}",
        "{_戒律增幅刻印}"
    ],
    "_戒律普通刻印":[
        "其一，不可背叛：每秒增加5点「规诫」计数，最高200点，按「规诫」计数0.48%的比例提高普攻造成的全伤害，触发极限闪避技能时扣除当前50%的「规诫」计数",
        "其二，不可欺瞒：每秒增加5点「规诫」计数，最高200点，按「规诫」计数0.48%的比例提高角色的全伤害减免，创建召唤物时扣除当前50%的「规诫」计数",
        "其三，不可暴戾：每秒增加5点「规诫」计数，最高200点，按「规诫」计数1.6%的比例提高角色每秒额外回复的能量，连击数到达160时扣除当前50%的「规诫」计数",
        "其四，不可妄行：每秒增加5点「规诫」计数，最高200点，按「规诫」计数0.48%的比例提高必杀技及爆发攻击造成的物理和元素伤害，使用武器技时扣除当前50%的「规诫」计数",
        "其五，不可伪言：角色出场时，额外获得40点「规诫」计数。每次触发降低「规诫」计数时，使场上敌人受到的全伤害提高35%，持续5秒，可刷新",
        "其六，不可沉沦：自身QTE命中敌人后，角色造成的全伤害提高55%，「规诫」计数将不再减少，持续15秒，重复触发刷新持续时间"
        
    ],
    "_戒律核心刻印":[
        "汝，当受万般戒律：「规诫」计数达到120时，进入「苦修」状态，获得「规诫」计数25%的全伤加成，同时每拥有一个「戒律」刻印，造成的物理和元素伤害提高5%。当自身QTE命中敌人时，自身获得40%的物理穿透和20%的元素穿透，持续40秒，重复触发刷新持续时间",
        "汝，当为戒律所佑：「戒律」的普通刻印每秒获得的「规诫」计数增加100%。「规诫」计数超过150点时，以角色为中心，每5秒触发一次「汝，当知罪愆如山」，造成1400%攻击力的自适应伤害。该攻击每命中一名敌人，角色造成的全伤害提高10%(上限70%)，持续10秒，重复触发刷新。"
        
    ],
    "_戒律增幅刻印":[
        "汝，当以此身为束：「苦修」状态下普攻造成伤害时额外获得48%的物理和元素穿透，但自身受到的全伤害提高15%",
        "汝，当以此生为契：「规诫」计数的基础值提高100，「规诫」计数始终不会低于100。",
        "汝，当以此命为证：「苦修」状态下必杀技的全伤害提高64%，但自身受到的全伤害提高15%",
        "汝，当见诸恶得惩：被「汝，当知罪愆如山」命中2次或以上的敌人受到的全伤害提高40%，且「汝，当知罪愆如山」命中该敌人时，都将使角色回复3.5点能量。若无其他戒律增幅刻印，则该刻印的数值效果提高50%",
        "汝，当见诸善得行：「汝，当知罪愆如山」造成的全伤害提高30%，且在其命中敌人时，会使角色按「规诫」计数0.19%的比例提高物理和元素穿透，持续6秒。重复触发刷新持续时间。若无其他戒律增幅刻印，则该刻印的数值效果提高50%",
        "汝，当见诸愿得归：每次触发「汝，当知罪愆如山」时，会使角色进入「戒罚」状态，持续8秒，重复触发刷新。该状态下，角色受到的全伤害降低20%，对敌人造成的物理和元素伤害提高40%:角色受到攻击时，对伤害来源造成520%攻击力的自适应伤害，触发间隔5秒。若无其他戒律增幅刻印，则该刻印的数值效果提高50%"
        
    ],
    "_黄金":[
        "{_黄金普通刻印}",
        "{_黄金核心刻印}",
        "{_黄金增幅刻印}"
    ],
    "_黄金普通刻印":[
        "乐园的宣叙：能量越多造成的全伤害越高，每剩余10点能量提高4.8%全伤害（上限240%）",
        "溪流的宣叙：能量越多造成的物理和元素伤害越高，每剩余10点能量提高4.0%物理和元素伤害（上限200%）",
        "飞鸟的宣叙：能量越多受到的全伤害越低，每剩余10点能量降低4.0%受到的全伤害（上限80%）",
        "果林的宣叙：能量越低攻击的能量回复效率越高，最多提高160%",
        "美酒的宣叙：每秒回复3.2点能量",
        "宝玉的宣叙：战斗中初始能量和能量上限提高80点"
        
    ],
    "_黄金核心刻印":[
        "黄金的咏叹：累计回复100点能量后攻击命中敌人时会释放3道【咏叹的雷鸣】，每道对随机敌人造成450%攻击力的自适应伤害，并施加6秒【沉醉】状态。处于【沉醉】状态下的敌人受到的全伤害提高15%。若角色具有麻痹特性，则释放【咏叹的雷鸣】后，将获得20%的元素穿透，持续10秒，重复触发刷新。",
        "黄金的余音：消耗能量同时会进入【终末余音】状态并增加相同的充能。【终末余音】状态下，每具有10点能量上限，每秒提高0.4%全伤害（上限为160%）并扣除与当前持续时间相同的充能，充能数不足时重置并结束【终末余音】状态"
    ],
    "_黄金增幅刻印":[
        "丰壤的咏叹：处于【沉醉】状态下的敌人受到的全伤害提高24%，最多可以叠加3层",
        "生命的咏叹：处于【沉醉】状态下的敌人每次受到攻击都会使自己回复1.6点能量",
        "黎明的咏叹：3道【咏叹的雷鸣】若命中同一敌人会引发【雷鸣交响】，造成1920%攻击力大范围自适应伤害并施加麻痹状态，造成3点麻痹积蓄值",
        "枯壤的余音：【终末余音】状态持续时间超过3秒后，直到【终末余音】状态结束前能量上限增加50%，每秒回复1.6%能量",
        "凄风的余音：【终末余音】状态持续时间超过3秒后，直到【终末余音】状态结束前每秒对周围敌人造成480%攻击力的自适应伤害",
        "寂夜的余音：【终末余音】状态持续时间超过3秒后，直到【终末余音】状态结束前每秒降低周围敌人3.2%攻击力、防御和元素抗性（降低量上限为64%）"
        
    ],
    "_螺旋":[
        "{_螺旋普通刻印}",
        "{_螺旋核心刻印}",
        "{_螺旋增幅刻印}"
    ],
    "_螺旋普通刻印":[
        "第四幕「汤匙]:使用武器技后，蓄力攻击和分支攻击造成的物理和元素伤害提高48%，持续4.5秒，重复触发时刷新时间",
        "第五幕「蛛丝」:使用武器技后，女武神造成的远程全伤害提高62%，持续4.5秒，重复触发时刷新时间",
        "第六幕「嗤笑」:使用武器技后，会在接下来的5秒内总计回复20点能量，并减少15%武器技冷却时间"
        
    ],
    "_螺旋核心刻印":[
        "幕间剧「逆转的螺旋」:使用武器技时会对前方敌人发动「惊奇魔术」，造成3*400%攻击力的物理伤害，并使敌人在8秒内受到的伤害提高25%，触发间隔时间5秒，该伤害必定发生暴击，伤害视为武器技伤害",
        "幕间剧「颠末的螺旋」：使用武器技时会在前方一定距离放置「特型武装 · 型号四」，1秒后爆炸造成900%自适应伤害，爆炸后形成1.5秒的全局时空断裂，并生成小型引力场吸引周围敌人，每秒对周围敌人造成200%攻击力的自适应元素伤害，持续6秒。「特型武装 · 型号四」至多同时存在一个。"
        
    ],
    "_螺旋增幅刻印":[
        "第七幕「虚掩的门扉」:女武神造成的物理伤害提高30%，「惊奇魔术」会额外生成2个圆刃，造成2*620%攻击力的物理伤害",
        "第八幕「伪饰的厅堂」:发动「惊奇魔术」时会消耗5点能量，斩击的基础物理伤害提高50%，且发动后6秒内角色的物理穿透提高55%",
        "最终幕「破碎的真相」:「惊奇魔术」对护盾的伤害提高100%，每发动一次「惊奇魔术」，将使得「惊奇魔术」造成的全伤害提高8%，上限90%",
        "木偶剧「爻错的监牢」:「特型武装 · 型号四」引爆时的全时空断裂时间增加3秒，且角色在全时空断裂期间获得48%的物理和元素穿透",
        "严肃剧「沉眠的始源」:引力场存在时场上敌人受到的全伤害提高32%，引爆后的全局时空断裂期间内敌人受到的全伤害额外提高48%",
        "传奇剧「交叠的指针」:引力场的作用范围变大，吸引力增强，且每次造成伤害时额外附加800%攻击力的自适应元素伤害"
        
    ],
    "_鏖灭":[
        "{_鏖灭普通刻印}",
        "{_鏖灭核心刻印}",
        "{_鏖灭增幅刻印}"
    ],
    "_鏖灭普通刻印":[
        "剑锋 · 剑冢 · 剑痕：生命越低造成的全伤害越高，每损失100生命提高1.6%全伤害（上限288%）",
        "赤骨 · 赤血 · 赤练：生命越低造成的物理和元素伤害越高，每损失100生命提高1.3%物理和元素伤害（上限234%）",
        "狂信 · 狂人 · 狂言：生命越低受到的全伤害越低，每损失100生命降低1.3%受到的全伤害（上限80%）",
        "命路 · 命舛 · 命刻：生命上限提高40%",
        "无妄 · 无心 · 无归：生命降低时，使所有敌人受到的全伤害提高40%，持续8秒",
        "唯神 · 唯我 · 唯一：生命降低时，回复降低值3.2%的能量"
        
    ],
    "_鏖灭核心刻印":[
        "鏖斗 · 鏖战 · 鏖杀·鏖灭：每秒为【燃血解放】增加10点充能，每损失100生命，每秒额外增加3点充能。充能达到1000时下次攻击会清空充能并释放【燃血解放】，造成1500%攻击力大范围的自适应伤害。点燃状态下的敌人受到的全伤害提高20%",
        "鏖兵 · 鏖剪 · 鏖馘 · 鏖灭：角色当前生命无法超过最大生命的18%，战斗状态下若生命回复超过0/400/800，则增加回复10%/80%/100%的【燃血狱衣】充能，单次最多充能900。充能上限为1800，每点提高1点生命上限"
        
    ],
    "_鏖灭增幅刻印":[
        "非人 · 非鬼 · 非神 · 非天：生命降低时，为【燃血解放】增加480点充能，冷却1秒",
        "一人 · 一面 · 一契 · 一途：自身对当前生命百分比高于自己的敌人造成的全伤害提高64%，且【燃血解放】造成的全伤害额外提高96%",
        "千钧 · 千转 · 千难 · 千劫：释放【燃血解放】会消耗20%当前生命，每消耗100生命额外造成210%攻击力的自适应伤害（上限7560%），且物理和元素伤害提高64%，持续5秒",
        "无死 · 无生 · 无灭 · 无存：【燃血狱衣】的充能上限提高800点。【燃血狱衣】的充能超过1500时，受到伤害时，可以抵挡【燃血狱衣】充能数*1%的伤害",
        "焚身 · 焚骨 · 焚心 · 焚魂：【燃血狱衣】的充能上限提高800点。其充能超过1500时，若获得生命回复，则仅下一次对敌人造成伤害时，将额外附带800%攻击力的自适应伤害，该效果具有5秒的触发间隔",
        "故土 · 故国 · 故友 · 故人：【燃血狱衣】的充能上限提高800点。【燃血狱衣】的充能超过1500时，额外提高80%的物理穿透和40%的元素穿透"
        
    ],
    "_天慧":[
        "{_天慧普通刻印}",
        "{_天慧核心刻印}",
        "{_天慧增幅刻印}"
    ],
    "_天慧普通刻印":[
        "宿命之箴言：连击数达到150时清空全部连击数，全伤害提高88%，持续10秒",
        "天眼之箴言：连击数达到150时清空全部连击数，使所有敌人受到的全伤害提高56%，持续10秒",
        "天耳之箴言：连击数达到150时清空全部连击数，使自己受到的全伤害降低51%，持续10秒",
        "他心之箴言：连击数达到150时清空全部连击数，回复48点能量",
        "神足之箴言：连击数低于90时，立刻提高至90，冷却10秒。若角色具有【高频】特性，则造成的物理伤害提高30%",
        "漏尽之箴言：攻击命中时额外提高40连击数，冷却5秒。若角色具有【高频】特性，则造成的元素伤害提高30%"
        
    ],
    "_天慧核心刻印":[
        "天慧之真言：连击数达到60/100/150时，以自己为中心向周围释放【因果转轮】，击倒周围敌人并造成500%/1000%/1600%攻击力自适应属性伤害。若角色造成了近战伤害，则场上敌人受到的全伤害提高30%，持续5秒，重复触发刷新",
        "天慧之秘言：连击达到60/100/150时，对随机一个敌人释放【天慧 · 开眼】，造成800%/900%/1000%攻击力自适应属性伤害，并施加【恍惚】状态，使敌人受到攻击时额外增加2连击数，持续3秒"
        
    ],
    "_天慧增幅刻印":[
        "无常之真言：【因果转轮】命中没有护盾保护或护盾被击破的敌人时，自身获得80%物理穿透与40%元素穿透，持续10秒",
        "无我之真言：被【因果转轮】命中的敌人下一次攻击全伤害降低80%，且受到的全伤害提高48%，持续8秒",
        "寂静之真言：【因果转轮】对护盾造成的伤害提高150%，对没有护盾保护的敌人额外造成800%攻击力自适应属性伤害",
        "无常之秘言：【天慧 · 开眼】命中敌人时，敌人每处于一种负面状态，额外造成1次240%攻击力自适应属性伤害",
        "无我之秘言：【天慧 · 开眼】施加的负面状态延长3秒。敌人受到的全伤害提高32%，每处于一种负面状态，受到的全伤害额外提高8%，最多叠加5层",
        "寂静之秘言：【天慧 · 开眼】命中敌人时，施加3种随机负面状态积蓄值，持续6秒"
        
    ],
    "_刹那":[
        "{_刹那普通刻印}",
        "{_刹那核心刻印}",
        "{_刹那增幅刻印}"
    ],
    "_刹那普通刻印":[
        "缭乱百花「梅」：触发极限闪避技能后，攻击速度和移动速度提高64%，持续8秒",
        "缭乱百花「红叶」：触发极限闪避技能后，所有敌人受到的全伤害提高48%，持续8秒",
        "缭乱百花「牡丹」：触发极限闪避技能后，全伤害提高64%，持续8秒",
        "缭乱百花「菊」：极限闪避技能冷却中，极限闪避敌人的攻击时会重置其冷却时间",
        "缭乱百花「藤」：极限闪避技能可额外触发1次，冷却时间降低16%",
        "缭乱百花「菖蒲」：触发极限闪避技能后，额外回复21.0点能量"
        
    ],
    "_刹那核心刻印":[
        "刹那一刀「樱上幕」：【樱幕结界】未开启期间累计触发3次极限闪避技能后，开启【樱幕结界】静止所有敌人3秒，结束后对所有敌人造成期间受到伤害40%的生命流失效果。若角色具有【时空】或【冻结】特性，则获得35%的物理穿透和20%的元素穿透",
        "刹那一刀「苦夜叉」：每10秒使自己进入【瞬心】状态，期间仅有一次将闪避或跳跃视为极限闪避或跳跃，并在闪避或跳跃时对所有敌人释放【刹那一刀「业狩」】，造成7*200%攻击力的自适应伤害。若角色具有【时空】或【冻结】特性，则获得35%的物理穿透和20%的元素穿透"
        
    ],
    "_刹那增幅刻印":[
        "刹那一刀「雨四光」：【樱幕结界】开启时，重置必杀技和武器主动技能的冷却",
        "刹那一刀「月见酒」：【樱幕结界】开启期间，每次攻击额外附加80%攻击力自适应伤害，有0.1秒触发间隔",
        "刹那一刀「猪鹿蝶」：【樱幕结界】开启期间，移动状态下最多有3.0秒使得【樱幕结界】的持续时间不会减少",
        "刹那一刀「一瞬森罗」：累计触发3次极限闪避技能后也会对所有敌人释放【刹那一刀「业狩」】，且通过该方式触发的【刹那一刀「业狩」】每段额外造成320%攻击力自适应伤害",
        "刹那一刀「无间恶刹」：释放【刹那一刀「业狩」】后，极限闪避技能的剩余冷却时间减少40%",
        "刹那一刀「万象无明」：每释放一次【刹那一刀「业狩」】，接下来的【刹那一刀「业狩」】额外造成每段40%攻击力的自适应，最多叠加8次。"
        
    ],
    "_旭光":[
        "{_旭光普通刻印}",
        "{_旭光核心刻印}",
        "{_旭光增幅刻印}"
    ],
    "_旭光普通刻印":[
        "亵渎不归之「爪」:普通攻击，分支攻击，蓄力攻击命中敌人时，对敌人施加1层【撕裂】状态。每层【撕裂】状态对目标每秒造成25%攻击力自适应伤害，持续10秒。【撕裂】状态上限为70层，具有0.6秒的触发间隔。若角色具有【流血】特性，则对流血状态下的敌人造成的物理和元素伤害提高30%",
        "掩蔽血月之「翼」:触发极限闪避技能时，对场上所有敌人施加15层【撕裂】状态。每层【撕裂】状态对目标每秒造成25%攻击力自适应伤害，持续10秒。【撕裂】状态上限为70层，具有9秒的触发间隔。若角色具有【流血】特性，则对流血状态下的敌人造成的全伤害提高30%",
        "撕裂暗空之「角」:使用必杀技时，对场上所有敌人施加15层【撕裂】状态。每层【撕裂】状态对目标每秒造成25%攻击力自适应伤害，持续10秒。【撕裂】状态上限为70层，具有9秒的触发间隔。若角色具有【流血】特性，则对流血状态下的敌人造成的流血伤害提高20%",
        "俯视邪渊之「眼」:敌人每有一层【撕裂】状态，角色对其护盾造成伤害提高16%，且敌人受到的全伤害提高0.9%",
        "毁谤硫磺之「息」:对已处于【撕裂】状态下的目标再次施加【撕裂】状态时，回复18点能量，触发间隔5秒",
        "逆结七罪之「心」:【撕裂】状态的持续时间延长8秒"
        
    ],
    "_旭光核心刻印":[
        "旭光，长明不落:攻击命中处于10层或以上【撕裂】状态的敌人时，触发一次「恶相尽灭」，造成1500%攻击力的自适应伤害，若敌人具有护盾，则会额外造成5000%攻击力的自适应伤害，冷却时间5秒。若角色具有【流血】特性，则角色额外获得40%的物理穿透。",
        "旭光，长夜孤悬:【撕裂】状态将同时对角色自身施加，每层【撕裂】状态使角色造成的全伤害提高2%，生命值上限提高30，并使角色每秒减少2点生命值（角色的生命值最多因此降至1点）"
        
    ],
    "_旭光增幅刻印":[
        "英雄，独担兴衰:场上的敌人总计每带有1层【撕裂】状态，角色会提高3.2%的物理穿透和1.6%的元素穿透，最多提高80%的物理和40%的元素穿透",
        "善恶，两分难渡:「恶相尽灭」命中护盾被击破或无护盾保护的敌人时，回复5点能量，冷却时间5秒，且角色物理和元素伤害提高64%，持续10秒",
        "宿诺，百折未易:场上的敌人总计每带有1层【撕裂】状态，角色会提高2.5%的全伤害，至多提高64%的全伤害",
        "黎明，独待皆尽:处于【撕裂】状态时，角色的生命值每次增加时，受到的全伤害降低1.6%（上限为48%），生命值每次降低时，物理穿透提高6.4%（上限为96%），元素穿透提高3.2%（上限为48%）",
        "抉择，两全追憾:角色分支/蓄力攻击命中敌人时，释放一次「恶戾尽诛」，对周围敌人造成4800%攻击力的自适应伤害，并根据自身的【撕裂】层数回复生命，每层撕裂状态将会回复0.5%的生命值。每10秒最多触发一次",
        "本念，千摧难改:角色自身每有一层【撕裂】状态，角色造成的物理与元素伤害提高2.4%"
        
    ],
    "_无限":[
        "{_无限普通刻印}",
        "{_无限核心刻印}",
        "{_无限增幅刻印}"
    ],
    "_无限普通刻印":[
        "利齿的「V」：每携带一名协同者，或场上每有一个召唤物、人偶或助战女武神，角色造成的全伤害提高10%，最多计算12个",
        "缠环的「P」：每携带一名协同者，或场上每有一个召唤物、人偶或助战女武神，敌人受到的全伤害提高8%，最多计算12个",
        "静默的「B」：每携带一名协同者，或场上每有一个召唤物、人偶或助战女武神，角色受到的全伤害降低8%，最多计算12个",
        "吻毒的「E」：召唤物、人偶、协同者和助战女武神的全伤害提高96%",
        "栖影的「C」星之环的冷却时间降低18%，人偶必杀技和助战女武神支援技能的冷却时间降低32%",
        "黯瞳的「T」：星之环能级的回复速度提高26%，人偶的能量回复速度提高120%"
        
    ],
    "_无限核心刻印":[
        "无限的「X」：角色生成召唤物，使用人偶必杀技或星之环时，进入【思维同化】状态，持续8秒。该状态下自身也被视为召唤物，并提高召唤物、协同者、人偶和助战女武神30%的物理和元素伤害，退出状态时重置。【思维同化】状态下再次进入【思维同化】状态时，不再刷新持续时间，改为延长4.0秒持续时间，若场上存在角色生成的召唤物时，额外延长5秒持续时间",
        "无限的「M」：每秒增加20%转移进度，达到100%时进入【意识同步】状态，持续12秒，期间召唤物，协同者和人偶的攻击命中敌人时释放【噬界者的影袭】，造成角色500%攻击力自适应属性伤害，冷却0.8秒。出战女武神和自身召唤物同时在场时，出战女武神获得40%的物理穿透和20%的元素穿透"
        
    ],
    "_无限增幅刻印":[
        "死亡的「X」：【思维同化】状态下每秒提高召唤物，人偶、协同者和助战女武神16%的全伤害，上限为5层，若场上存在角色生成的召唤物，上限提升为12层，退出状态时重置",
        "未知的「X」：【思维同化】状态下再次进入【思维同化】状态时，星之环冷却时间降低1秒，人偶必杀技和助战女武神的支援技能的冷却时间降低2秒，若场上存在角色生成的召唤物时，星之环冷却时间额外降低1秒，人偶必杀技和助战女武神的支援技能的冷却时间额外减少5秒。该效果具有4秒触发间隔",
        "新生的「X」：【思维同化】状态下出战女武神获得45%物理穿透和29%元素穿透",
        "代祭的「M」：自身生成的召唤物在场超过1秒后，若处于【意识同步】状态下则每秒延长1秒【意识同步】的持续时间，若不处于【意识同步】状态则每秒增加30%转移进度",
        "不灭的「M」：自身生成的召唤物在场8秒后，其造成的物理和元素伤害每秒提高5%，上限为50%。处于【意识同步】状态下，角色将按50%的比例累计获得在场召唤物的物理和元素伤害提高效果，上限为45%",
        "崩落的「M」：召唤物每次对敌人造成伤害，会使敌人受到的全伤害提高1%，【意识同步】状态下，角色每次攻击也会使敌人受到的全伤害提高1%。该效果有1秒触发间隔上限为48%"
        
    ],
    "_繁星":[
        "{_繁星普通刻印}",
        "{_繁星核心刻印}",
        "{_繁星增幅刻印}"
    ],
    "_繁星普通刻印":[
        "红色的，热热的：使用武器技时，使周围的敌人被染上红色油墨8秒，受到的物理和元素伤害提高32%（该效果为独立加成），重复触发刷新持续时间",
        "蓝色的，冷冷的：触发极限闪避技能时，周围的敌人被染上蓝色油墨8秒，其造成的全伤害和移动速度减少48%，重复触发刷新持续时间",
        "黄色的，暖暖的：使用必杀技时，周围的敌人被染上黄色油墨8秒，被黄色油墨染色的敌人受到的全伤害提高48%，重复触发刷新持续时间",
        "黑色的，暗暗的：每次给敌人染色时，角色的物理和元素伤害提高16%，持续20秒，最多叠加4层",
        "白色的，亮亮的：每次给敌人染色时，角色获得18点能量，冷却时间5秒",
        "灰色的，空空的：给敌人染色的持续时间延长8秒"
        
    ],
    "_繁星核心刻印":[
        "像是繁星，闪耀着的：场上有敌人染上1/2/3种不同颜色时，角色对逆克制的敌人造成的全伤害提高10%/20%/50%。每持有一种英桀核心刻印，使自身的物理穿透提高10%（上限40%），元素穿透提高5%（上限20%）",
        "像是繁星，暗淡了的：对敌人进行染色时，若其已被染上其他颜色，则触发一次「色相调和」，对其周围15米内的敌人造成300%攻击力的自适应伤害，具有1秒触发间隔，并根据增幅刻印为角色自身染上对应的紫/绿/橙色油墨。角色身上每有一种油墨，造成的全伤害提高15%，对属性被角色克制的敌人额外提高15%"
        
    ],
    "_繁星增幅刻印":[
        "像是野花，绽放着的：敌人身上存在蓝色油墨与红色油墨时，对敌人造成的全伤害提高80%，且被染色敌人死亡时，延迟1秒后使周围的敌人染上与其颜色相同的油墨",
        "像是火焰，燃烧着的：敌人身上存在红色油墨与黄色油墨时，角色对其造成伤害时额外提高80%的物理穿透和40%的元素穿透",
        "像是叶子，舒展的的：敌人身上存在蓝色油墨与黄色油墨时，攻击敌人可以对6米内敌人造成4800%攻击力自适应伤害，8秒冷却时间",
        "像是野花，飞散了的以红色和蓝色触发「色相调和」时，对敌人及其周围8米分别造成1200%/500%攻击力的自适应伤害，触发间隔3秒。为自身染上持续15秒的紫色油墨，每持有一种不同英桀的增幅刻印，使红/黄/蓝色油墨的加成效果提高16%（上限64%），重复触发刷新",
        "像是叶子，飘落了的以黄色和蓝色触发「色相调和」时，额外触发一次范围攻击，造成800%攻击力的自适应伤害，触发间隔3秒。同时，为自身染上持续15秒的绿色油墨，每持有一种不同英桀的增幅刻印，使「像是繁星，黯淡了的」中每种油墨的全伤害提高效果额外提高8%（上限32%），重复触发刷新",
        "像是火焰，熄灭了的以红色和黄色触发「色相调和」时，为自身染上持续15秒的橙色油墨，触发2.5秒的时空断裂，使所有敌人的物理防御减少32%，元素抗性减少16%，每持有一种英桀的增幅刻印，使所有敌人的物理防御减少8%（上限32%），元素抗性减少4%（上限16%）持续10秒，触发间隔7秒，重复触发可刷新"
        
    ],
    "_浮生":[
        "{_浮生普通刻印}",
        "{_浮生核心刻印}",
        "{_浮生增幅刻印}"
    ],
    "_浮生普通刻印":[
        "行路漫漫：每秒提高1.6%全伤害，最多叠加40层，受到伤害时减少10层",
        "日月蹉跎：每秒提高1.3%物理伤害，最多叠加40层，受到伤害时减少10层",
        "玄衣不再：每秒提高1.3%元素伤害，最多叠加40层，受到伤害时减少10层",
        "旧梦如昨：每秒提高1.0%元素穿透，最多叠加40层，受到伤害时减少10层",
        "纵使寻得：每秒降低1.3%受到的全伤害，最多叠加40层，受到伤害时减少10层",
        "与谁言说：每秒提高1.6%物理穿透，最多叠加40层，受到伤害时减少10层"
        
    ],
    "_浮生核心刻印":[
        "浮生历历，百态无常：每10秒获得1层【战士的决意】，最多6层。被敌人的攻击命中并受到伤害时，减少1层【战士的决意】抵消本次伤害，并对周围敌人造成剩余层数*650%攻击力自适应属性伤害",
        "浮生茫茫，百态皆苦：初始拥有6层【战士的回忆】，拥有期间所有「浮生」的普通刻印提供的加成效果立刻达到最大叠加层数:被敌人攻击并受伤害时，减少1层【战士的回忆】抵消本次伤害并无敌0.5秒"
        
    ],
    "_浮生增幅刻印":[
        "红尘碌碌，一梦黄粱：初始拥有6层【战士的决意】",
        "无可奈何，繁华落尽：每拥有1层【战士的决意】，所有「浮生」的普通刻印提供的加成效果每秒额外叠加1层",
        "似曾相识，却又相忘：所有「浮生」的普通刻印提供的加成效果的最大叠加层数提高至60层，且叠加层数在30层以上时，获得【战士的决意】所需的时间降低至5秒",
        "凡尘总总，一苇难渡：拥有【战士的回忆】时，所有刻印提供的全伤害减免效果，会按140%的比例额外增加全伤害加成效果",
        "如羽随风，似浪逐流：【战士的回忆】抵消伤害的次数越多，每层减少时提供的无敌时间越长，每抵消1次伤害后会额外提供0.45秒无敌时间，并回复24点能量",
        "怎堪梦醒，难觅归途：拥有【战士的回忆】时，所有「浮生」普通刻印提供的加成效果的最大叠加层数增加20层。失去全部【战士的回忆】时，立刻恢复1层【战士的回忆】，该效果每场战斗仅触发两次"
        
    ],
    "_空梦":[
        "{_空梦普通刻印}",
        "{_空梦核心刻印}",
        "{_空梦增幅刻印}"
    ],
    "_空梦普通刻印":[
        "猫猫之箴言：根据本局获得的闪亮的银币数提高造成的全伤害，每100闪亮的银币数提高1.6%的全伤害",
        "钢刃逆卷之「尾」：根据本局获得的闪亮的银币数对应提高物理和元素伤害，每100闪亮的银币数提高1.4%的物理和元素伤害",
        "街巷的宣叙：根据本局获得的闪亮的银币数提高生命和能量上限，每100闪亮的银币提高40点生命和1.6点能量上限",
        "灵动的「P&C」：根据本局获得的闪亮的银币数回复生命和能量，每100闪亮的银币每秒回复1.6点生命和0.16点能量，但该效果在受到伤害时会被移除5秒",
        "行商者的哲学：每层战斗结束时，获得当前持有闪亮的银币数16%的额外银币，上限160个（不受其他效果加成）",
        "值钱的，闪闪的：击杀怪物会额外获得闪亮的银币，非首领怪物获得8个，首领怪物获得160个（不受其他效果加成）"
        
    ],
    "_空梦核心刻印":[
        "空梦·空集·空我·空欢：根据本局获得的闪亮的银币数，提升所有【空梦】的普通刻印加成效果，获得的闪亮的银币超过500时基础刻印效果加成25%，获得1000以上时基础刻印效果加成50%，且物理和元素伤害提高60%",
        "空幻·空灵·空想·空梦：商店的前两次刷新免费，在商店每消费200个闪亮的银币，离开商店层时获得1层【贵宾待遇】状态，每层【贵宾待遇】提高20%角色造成的全伤害，每次进入商店时至多获得4层。【贵宾待遇】在进行过4个关卡层数后将会消失（每层【贵宾待遇】的持续时间独立计算）"
        
    ],
    "_空梦增幅刻印":[
        "即兴短剧「老板」：触发极限闪避技能发起一次「帕朵的秘技」，对周围敌人造成500%攻击力的自适应伤害，本局每获得100闪亮的银币将额外附加160%攻击力自适应伤害，触发间隔15秒",
        "刹那一爪「猫猫拳」：释放必杀技发起一次「帕朵的秘技」，对周围敌人造成500%攻击力自适应伤害，本局每获得100闪亮的银币将额外附加160%攻击力自适应伤害，触发间隔15秒",
        "咱，此地命不该绝：角色出场时，获得「好运气」护盾，护盾存在时，本局每获得100个闪亮的银币提高1.4%物理和元素穿透。「好运气」在抵挡2次伤害后便会消失，每获得1000闪亮的银币可使该次数+1。",
        "即兴魔术「归零」：商店固定打九折，新获得的【贵宾待遇】每层全伤害加成提高16%",
        "刹那一爪「雪里藏」：新获得的【贵宾待遇】的持续时间延长至接下来的6个关卡层数，每次在商店可获得的【贵宾待遇】上限层数增加4层",
        "咱，早晚美梦成真：具有1/2/3层及以上【贵宾待遇】时，每15/10/5秒在角色周围释放【要发财啦】，对命中的敌人造成1400%攻击力的自适应属性伤害，并使目标受到全伤害提高80%，持续5秒，该易伤效果会在5秒内递减，直至消失"
        
    ],
    "牌堆信息":[
        "作者：雨岚之忆",
        "版本:V1.0.0"
    ]
}