{
	"塔罗牌占卜": ["随机牌阵：{塔罗牌阵}"],
	"大阿卡纳": [
		"【0】愚者", "【1】魔术师", "【2】女祭司", "【3】女皇", "【4】皇帝", "【5】教皇", "【6】恋人", "【7】战车", "【8】力量", "【9】隐者", "【10】命运之轮",
		"【11】正义", "【12】倒吊人", "【13】死神", "【14】节制", "【15】恶魔", "【16】塔", "【17】星星", "【18】月亮", "【19】太阳", "【20】审判","【21】世界"],
	"花影塔罗牌": [
		"【0】愚者", "【1】魔术师", "【2】女祭司", "【3】女皇", "【4】皇帝", "【5】教皇", "【6】恋人", "【7】战车", "【8】力量", "【9】隐者", "【10】命运之轮",
		"【11】正义", "【12】倒吊人", "【13】死神", "【14】节制", "【15】恶魔", "【16】塔", "【17】星星", "【18】月亮", "【19】太阳", "【20】审判","【21】世界",
		"〖1〗宝剑王牌", "〖2〗宝剑二", "〖3〗宝剑三", "〖4〗宝剑四", "〖5〗宝剑五", "〖6〗宝剑六", "〖7〗宝剑七", "〖8〗宝剑八", "〖9〗宝剑九", "〖10〗宝剑十", "〖11〗宝剑侍从", "〖12〗宝剑骑士", "〖13〗宝剑王后", "〖14〗宝剑国王",
		"〖1〗星币王牌", "〖2〗星币二", "〖3〗星币三", "〖4〗星币四", "〖5〗星币五", "〖6〗星币六", "〖7〗星币七", "〖8〗星币八", "〖9〗星币九", "〖10〗星币十", "〖11〗星币侍从", "〖12〗星币骑士", "〖13〗星币王后", "〖14〗星币国王",
		"〖1〗权杖王牌", "〖2〗权杖二", "〖3〗权杖三", "〖4〗权杖四", "〖5〗权杖五", "〖6〗权杖六", "〖7〗权杖七", "〖8〗权杖八", "〖9〗权杖九", "〖10〗权杖十", "〖11〗权杖侍从", "〖12〗权杖骑士", "〖13〗权杖王后", "〖14〗权杖国王",
		"〖1〗圣杯王牌", "〖2〗圣杯二", "〖3〗圣杯三", "〖4〗圣杯四", "〖5〗圣杯五", "〖6〗圣杯六", "〖7〗圣杯七", "〖8〗圣杯八", "〖9〗圣杯九", "〖10〗圣杯十", "〖11〗圣杯侍从", "〖12〗圣杯骑士", "〖13〗圣杯王后", "〖14〗圣杯国王"
	],
	"花影塔罗": [
		"愚者#{PICTURE-花影愚者.jpeg}","魔术师#{PICTURE-花影魔术师.jpeg}","女祭司#{PICTURE-花影女祭司.jpeg}","女皇#{PICTURE-花影女皇.jpeg}","皇帝#{PICTURE-花影皇帝.jpeg}","教皇#{PICTURE-花影教皇.jpeg}","恋人#{PICTURE-花影恋人.jpeg}","战车#{PICTURE-花影战车.jpeg}","力量#{PICTURE-花影力量.jpeg}","隐者#{PICTURE-花影隐者.jpeg}","命运之轮#{PICTURE-花影命运之轮.jpeg}","正义#{PICTURE-花影正义.jpeg}","倒吊人#{PICTURE-花影倒吊人.jpeg}","死神#{PICTURE-花影死神.jpeg}","节制#{PICTURE-花影节制.jpeg}","恶魔#{PICTURE-花影恶魔.jpeg}","塔#{PICTURE-花影塔.jpeg}","星星#{PICTURE-花影星星.jpeg}","月亮#{PICTURE-花影月亮.jpeg}","太阳#{PICTURE-花影太阳.jpeg}","审判#{PICTURE-花影审判.jpeg}","世界#{PICTURE-花影世界.jpeg}",
		"权杖王牌#{PICTURE-花影权杖王牌.jpeg}","权杖二#{PICTURE-花影权杖二.jpeg}","权杖三#{PICTURE-花影权杖三.jpeg}","权杖四#{PICTURE-花影权杖四.jpeg}","权杖五#{PICTURE-花影权杖五.jpeg}","权杖六#{PICTURE-花影权杖六.jpeg}","权杖七#{PICTURE-花影权杖七.jpeg}","权杖八#{PICTURE-花影权杖八.jpeg}","权杖九#{PICTURE-花影权杖九.jpeg}","权杖十#{PICTURE-花影权杖十.jpeg}","权杖侍卫#{PICTURE-花影权杖侍卫.jpeg}","权杖骑士#{PICTURE-花影权杖骑士.jpeg}","权杖王后#{PICTURE-花影权杖王后.jpeg}","权杖国王#{PICTURE-花影权杖国王.jpeg}",
		"圣杯王牌#{PICTURE-花影圣杯王牌.jpeg}","圣杯二#{PICTURE-花影圣杯二.jpeg}","圣杯三#{PICTURE-花影圣杯三.jpeg}","圣杯四#{PICTURE-花影圣杯四.jpeg}","圣杯五#{PICTURE-花影圣杯五.jpeg}","圣杯六#{PICTURE-花影圣杯六.jpeg}","圣杯七#{PICTURE-花影圣杯七.jpeg}","圣杯八#{PICTURE-花影圣杯八.jpeg}","圣杯九#{PICTURE-花影圣杯九.jpeg}","圣杯十#{PICTURE-花影圣杯十.jpeg}","圣杯侍卫#{PICTURE-花影圣杯侍卫.jpeg}","圣杯骑士#{PICTURE-花影圣杯骑士.jpeg}","圣杯王后#{PICTURE-花影圣杯王后.jpeg}","圣杯国王#{PICTURE-花影圣杯国王.jpeg}",
		"宝剑王牌#{PICTURE-花影宝剑王牌.jpeg}","宝剑二#{PICTURE-花影宝剑二.jpeg}","宝剑三#{PICTURE-花影宝剑三.jpeg}","宝剑四#{PICTURE-花影宝剑四.jpeg}","宝剑五#{PICTURE-花影宝剑五.jpeg}","宝剑六#{PICTURE-花影宝剑六.jpeg}","宝剑七#{PICTURE-花影宝剑七.jpeg}","宝剑八#{PICTURE-花影宝剑八.jpeg}","宝剑九#{PICTURE-花影宝剑九.jpeg}","宝剑十#{PICTURE-花影宝剑十.jpeg}","宝剑侍卫#{PICTURE-花影宝剑侍卫.jpeg}","宝剑骑士#{PICTURE-花影宝剑骑士.jpeg}","宝剑王后#{PICTURE-花影宝剑王后.jpeg}","宝剑国王#{PICTURE-花影宝剑国王.jpeg}",
		"星币王牌#{PICTURE-花影星币王牌.jpeg}","星币二#{PICTURE-花影星币二.jpeg}","星币三#{PICTURE-花影星币三.jpeg}","星币四#{PICTURE-花影星币四.jpeg}","星币五#{PICTURE-花影星币五.jpeg}","星币六#{PICTURE-花影星币六.jpeg}","星币七#{PICTURE-花影星币七.jpeg}","星币八#{PICTURE-花影星币八.jpeg}","星币九#{PICTURE-花影星币九.jpeg}","星币十#{PICTURE-花影星币十.jpeg}","星币侍卫#{PICTURE-花影星币侍卫.jpeg}","星币骑士#{PICTURE-花影星币骑士.jpeg}","星币王后#{PICTURE-花影星币王后.jpeg}","星币国王#{PICTURE-花影星币国王.jpeg}"
	],

	"塔罗牌阵": [
		"单张塔罗牌\n{花影塔罗}", "圣三角牌阵\n{圣三角牌阵}", "六芒星牌阵\n{六芒星牌阵}","凯尔特十字牌阵\n{凯尔特十字牌阵}","爱之星牌阵\n{爱之星牌阵}","无尽的追寻牌阵\n{无尽的追寻牌阵}","权衡之阵牌阵\n{权衡之阵牌阵}","宇宙的讯息牌阵\n{宇宙的讯息牌阵}","命运的终局牌阵\n{命运的终局牌阵}","梦想成真牌阵\n{梦想成真牌阵}"
	],

	"单张花影塔罗牌": [
		"【0】愚者（The Fool，0):\n#{PICTURE-花影愚者.jpeg}\n愚者象征着全新的开始、冒险、愉悦和激情。她冲得飞快，完全不假思索，轻率冲动。跟着感觉走，凡事先做再说。你也许就像愚者，正站在悬崖边，眺望未知的世界。在遥远的青空和更加遥远的大地之间，只有无边无际、虚空无垠的蓝。等在那里的，究竟是愚蠢的冲动和可怕的后果，还是惊人的探险和伟大的信念？也许精神和知识会鼓起风，成为翅膀，引领你穿越障碍与艰难时刻。对追寻者来说，面前永远是无限的可能。",
		"【1】魔术师（The Magician，I):\n#{PICTURE-花影魔术师.jpeg}\n本源、创造、能力、技巧、意志力、自信、机敏，和一点手腕。这是贪念作怪，想抓住周围隐藏的能量；控制它、驾驭它，让它成为现实的、可以触摸的一部分。魔术师拥有象征元素的神圣物品，他以此为指引：提灯中存着火种、贝壳里藏着海浪声、乌鸦羽毛留下了风的气息，树叶飘落滋养大地。他知道自己的心意，也知道自己必能如愿：保持清醒、发挥意志力、运用知识、掌控世界。",
		"【2】女祭司（The High Priestess，II):\n#{PICTURE-花影女祭司.jpeg}\n智慧、知识、学习、研究、直觉、纯净、处女。女祭司伸展双臂，身体的姿态形成了神秘学的符号——圣杯。猫头鹰是智慧的守护者，他衔住的钥匙能开启未知的秘密。石榴是波尔赛佛涅的标志，她吃下了石榴的果实，从此不能和冥王哈迪斯分离。因此，石榴除了多产的象征之外，也是死亡之果。月光在她的衣裙上绣出阴晴圆缺，新月与满月交替辉映，合二为一。",
		"【3】女皇（The Empress，III):\n#{PICTURE-花影女皇.jpeg}\n创造、孕育、慷慨、耐心与爱。女皇是丰饶的象征，她用感性来体验事物，与自然和谐相处。她是一位创造者、一位母亲，她哺育万物，生生不息。她手挽竹篮，仿佛怀抱幼儿,里面盛满大地的恩惠——多汁的果实、丰收的谷物和绚丽的花朵。她是万物之源，她是生命的化身，她与自然紧紧拥抱，时刻连接。她衣着华美，以大地染色，手中的花环旁是翠绿的常春藤。",
		"【4】皇帝（The Emperor，IV):\n#{PICTURE-花影皇帝.jpeg}\n在混乱的局势中创造秩序、荣耀、领导、权势、建立法律和规则。墻壁上镌刻的符文象征他的疆土和权力，雄鹰振翅，越过山巅，越过海洋，越过日夜流转，沧海桑田。凡尘的生物啊，鞠躬行礼把，跪拜这高高在上的统御之力。但无论雕刻出如何雄伟的影像，那石墙仍然是人工的造物——用人力遏制野性的自然，试图在石头上刻出永恒。人类渴望权力，渴望用自己的力量政府一切，镌刻传奇。身为皇帝的男人通常扎根于自我，对所选则的道路非常坚定。他固执，不变通，充满自信，相信自己的决定就是最好的发展之道。",
		"【5】教皇（The Hierophant，or the Pope，V):\n#{PICTURE-花影教皇.jpeg}\n教皇的根深深扎入泥土，盘绕着秘密、传统和时光。他遵从仪式、敬畏礼仪，他追求知识和深奥的隐喻，也坚持信仰的无可动摇之力。他将神谕带到尘世，为众生讲解；他沉默寡言，顽固、坚定又自信。教皇是自律的代表，是一位引领追随者窥探神秘的导师。",
		"【6】恋人（The Lovers，VI):\n#{PICTURE-花影恋人.jpeg}\n独特、平衡、热情、精力、爱恋、渴望、激情、融化的心灵、建立联盟或订婚。恋人有时会象征一般意义上的浪漫和情爱之事，但除此之外，它还有很多其他的含义。恋人牌也表示权衡，比较价值观，以及在选择中挣扎抉择。恋人虽然亲密无间，相拥一体，但脚下的蛇和苹果带来了古老的伊甸园的诱惑。画面下半布满了白色的马蹄莲和红色的玫瑰，它们既象征至真的纯洁和华美的繁荣，同时也象征着物质、浮华和情欲。",
		"【7】战车（The Chariot，VII):\n#{PICTURE-花影战车.jpeg}\n昂首前进、越过阻碍、达成胜利、专注的精神、强大的意志力、良好的自我认知、自信、设立规矩、紧握权力与荣耀、对事业抱有不可动摇的态度和观点、在变化的环境中坚持前行，迎接挑战，接受锻炼、有能力（且有意愿）面对艰难险阻。仿佛海天一线的交界处，海洋和天空互相对峙，不让分毫。变化未可知，事态尤可为。想高奏凯歌，必须拥有相应的能力，同时拥有坚决的心，才能击破障碍，取得胜利。",
		"【8】力量（Strength，VIII）:\n#{PICTURE-花影力量.jpeg}\n勇气、冷静、沉着、耐性、同情、信念、说服力、同理心、温和的力量和控制。不要被内心情绪操控，以爱和宽容遏制内心的愤怒。这就是力量。要有必胜的信念，无论它看起来多么遥远，也无论它看起来有多么艰难。即使雄狮挡路，声吼震天。他守护着燃烧的火焰，激情和能量是他的一切。而力量是平衡、是调和、是节制，无法动摇的意念是实现渴望的源泉。天地广大，力量多变。野兽的力量是尖牙利爪，残暴野蛮；天鹅的力量是舞起双翼，保护幼雏；橡树的力量缓慢而坚定，从小小的种子破土而出，长成雄伟的参天巨木；而摇曳的竹子最了解力量的本质，他们顺从外力，以柔克刚，将风力化为己有，不卑不亢。",
		"【9】隐者（The Hermit，IX):\n#{PICTURE-花影隐者.jpeg}\n内省、隐居、孤独、自闭、远离尘世、探求、追寻、智者、提供建议、接纳指引。隐者是一位优秀的伙伴，同时也是位优秀的导师。他将帮助你开启内心的隐秘之地。未解之事将发出光芒，慢慢显露清晰的脉络。潜鸟展开翅膀，安静地滑过地平线，追逐黑暗中深邃的影子。它们带来安宁与和平的景象，充满神秘智慧的奇异之声在水面回荡。潜鸟拥有关于天空、大海和丛林的知识，它们经常出现在印第安酋长的头饰上。",
		"【10】命运之轮（The Wheel of Fortune，X):\n#{PICTURE-花影命运之轮.jpeg}\n命运之轮——命运——由命运丝线编织的交响曲。转折点、改变、移动、循环、伙伴、内在关联的世界。玻璃窗上，映出了金色丝线随着命运之轮旋转。有些刚开始露头，有些已经收工。有些向上，有些向下，回旋反复，每一次都带来生命中的改变。如果你觉得了无希望，不堪重负，世界都离你而去——退后一步，放眼观望吧。轮子后面有全新的世界,改变即将来临。",
		"【11】正义（Justice，XI）:\n#{PICTURE-花影正义.jpeg}\n平衡、协调、均等、公正、责任。分析时间中所有因素，将所有考量纳入正确的选择。正义依靠逻辑思维运行，她洞察是非，客观地控制事态发展，随时重新评估各种因素。思索何为正确的决定、确立责任，坚守美德，有时需调停双方，以保证协议可以进行。欣然接受客观事实与真相。任何微小的行动都会造成后果，种下的种子必将偿还。因果循环，需为将来种下良种。",
		"【12】倒吊人（The Hanged Man，XII):\n#{PICTURE-花影倒吊人.jpeg}\n顺其自然、遵从经验、释放情感、接受现实、放弃控制与支配、推迟行动、自我牺牲。奥丁大神曾将自己倒悬于世界之树，付出了一只眼睛的代价，换来了无穷的智慧。放弃自我，才能获得成长。倒吊人推动你从另一个角度观察人生，用全新的眼光去看待世界吧——不要挣扎，让转变开出微妙之花。",
		"【13】死神（Death，XIII):\n#{PICTURE-花影死神.jpeg}\n关上通向过去之门，打开通往未来之门。开启全新道路，经历改变与转化，改变地位或身份，舍弃过往或多余的事物，屈从于无情的力量，生命中发生重大改变。只有扫清和烧净旧事物，才能为新事物让出空间，打开入口。凤凰的传说在千百年间传送，无数文化中都回荡着她的歌声。她被火焚尽，又涅槃重生。鸢尾花与希腊彩虹女神的名字发音相同，她也是死亡的象征。彩虹女神经常为大地的子民带去神的旨意，并将女性的灵魂接入地城。龙葵含有剧毒，是欺骗、危险和死亡的象征。还有漆树，在维多利亚时代的花语中，意味着“穿过灾难，我必长存。”",
		"【14】节制（Temperance，XIV):\n#{PICTURE-花影节制.jpeg}\n平衡、均等、调和、治疗、在极端和偏激中行中庸之道、资质、驾驭、压制绝对的力量、有目的地统领他人或安排事物。以对持双方的力量反控，相互制约、达成美妙的联合。有时候，造成对立的唯一阻碍是信念的高墙。保持心灵的开放，保持宽容和同理心，从不同的角度看待世界，你将会击溃那堵看不见的高墙。",
		"【15】恶魔（The Devil ，XV):\n#{PICTURE-花影恶魔.jpeg}\n失去独立性、成瘾、堕落、重视物质、放纵、选择暗处生存、性爱、放荡、欲望、受困、毫无希望、被限制、无法选择。恶魔高高在上，玩弄着你的渴望。把目光放远，超越物质的枷锁和诱惑，斩断木偶师手中的提线。",
		"【16】塔（The Tower，XVI):\n#{PICTURE-花影塔.jpeg}\n灾难、惊天动地的变化、危机、情感爆发、遭受打击与折磨、心灵的启示、看透假象、现状必须以强有力的手段改变。当模式已定，只有爆发与剧变的力量才能突破和动摇这种长久。不切实际的幻想被现实残忍地击溃，从而与过去一刀两断。现在是变革的时刻，重组吧。",
		"【17】星星（The Star，XVII):\n#{PICTURE-花影星星.jpeg}\n重获希望、对未来怀有信念、信心、激励人心、希望。寻获安慰心灵之地，虽陷入困境仍保持内心的平和。和谐、不求回报的付出、分享与慷慨。没有严酷的日光，也没有冷漠的月光，星星为你拉起天幕，用一视同仁的仁慈目光注视着你。这是疗伤之地，你可以在这里休息、成长、打起精神、东山再起。释放疑惑和恐惧吧，拥抱夜晚，星星会指给你归家的路，她象征着希望。画面上的鲤鱼代表心灵的力量，它们灵活而有力，不屈不挠、坚持不懈，拥有勇气和决心。菊花通常具有长寿的意象，但同时也象征希望。",
		"【18】月亮（The Moon，XVIII):\n#{PICTURE-花影月亮.jpeg}\n恐惧、焦虑、相信幻想、追梦、扭曲、梦与意象、迷失。幻想中最美的景象是死亡降临的时刻。仙子环发出的荧光，将带你一步步走向毁灭。众所周知，月亮总是不以真面目示人，她象征着直觉和谎言。这是另一个世界，是属于她的暗夜森林。她如此超凡脱俗，魅惑人心。但假若你超越界限，轻浮靠近，她必令你恐惧，怯步不前。自古以来，多少旅行者被仙子的光芒吸引，陷入迷途，在森林中永远徘徊。你必不能如此，要以智慧面对诱惑，透过幻想看出真实的光芒。如此一来。你便能获得这珍贵的荣耀，窥视那鼓舞人心的魔法。这是走向未知的旅途，也是光与影融合的地方。你将顺流而下，穿越迷雾，这是月亮赐给你的礼物。",
		"【19】太阳（The Sun，XIX):\n#{PICTURE-花影太阳.jpeg}\n受到光芒的感召、启迪、成绩、成就、生命日复一日的更新、活力、光芒四射、饱满的情绪、欢乐、正能量、精神充沛、身心愉快、健康。有人担保、确信、信心、清晰的愿景、目标光明。从古至今，太阳一直是生命的标志，他象征生长。在各种文化和历史长河中，他总是以生机勃勃的神明身份显现。他年轻、荣耀、拥有无尽的智慧和生机，流光溢彩。他的神力滋养着太阳的光辉，也滋养着大地。",
		"【20】审判（Judgement，XX):\n#{PICTURE-花影审判.jpeg}\n释放、复兴、觉醒、豁免、崭新的开始、新星。在难以面对的残酷中艰难决定，做出裁决。面对选择，了解自己的需求与宽恕。觉醒、重生，获取出生与死亡的秘密。命运正在前方召唤，你要跟随内心的直觉，听那不可拒绝的声音。行动吧，你知道什么必须完成。",
		"【21】世界（The World，XXI):\n#{PICTURE-花影世界.jpeg}\n满足、内心祥和、完满、成功、结局近在眼前、平衡或和谐得以实现、融合、协调、生命的欢歌、目标一致。世界是关于目标和展望的一张牌，她是某个阶段的完成，或者穿越混乱的状况，完成艰辛的任务，也代表目标达成。此地此时，她表达出对完满和结束的满溢喜悦之情。这是奇妙的时刻，是珍宝闪光，辛勤的工作得到报偿，满足升至顶点。她给你机会，体验平日忽视的、可望而不可及的传说中的宝藏：梦想成真。",
		"〖1〗权杖王牌（AceofWands）:\n#{PICTURE-花影权杖王牌.jpeg}\n这是创造力带来的无限可能，兴奋、激动、探险，带着勇气和信心开始冒险。将火焰般的权杖插入大地，注视那深红色的火焰，仿佛前行的指引。",
		"〖2〗权杖二（TwoofWands）:\n#{PICTURE-花影权杖二.jpeg}\n权杖2代表个人权利和影响，象征着勇气和光荣。要抓住时机去发明和创造，而不是远远避开，逃离。这是必须完成的任务，但注意不要陶醉在权利中，迷失自我，丧失公正。",
		"〖3〗权杖三（ThreeofWands）:\n#{PICTURE-花影权杖三.jpeg}\n权杖3是一张邀请你探险的牌，探索未开发的地带，开阔你的视野和生活空间。好好观察一下情况，并明确领导权。",
		"〖4〗权杖四（FourofWands）:\n#{PICTURE-花影权杖四.jpeg}\n权杖4是一张为庆典而生的牌。这是权杖牌组的第一次庆祝，将希望与欢乐带入天空。这是和谐与融洽的时刻，保证繁荣持续，欢乐再临。你可以放松一下了，好好休息和玩乐。但不能松懈下来，必须打起精神，准备继续出发。火焰必须燃烧，生命之力是它的供氧。远离限制，拥抱自由，否则火焰就会化为灰烬。",
		"〖5〗权杖五（FiveofWands）:\n#{PICTURE-花影权杖五.jpeg}\n有时候，权杖5看起来就像世界摆了你一道。大大小小的麻烦蜂拥而来，汇集成一股强有力的阻碍。保持清醒，这些阻碍将激发你的生命本能。保持体力和脑力，全力迎接挑战。你将敢于面对困难，感谢那暗中帮助你的神秘力量吧。",
		"〖6〗权杖六（SixofWands）:\n#{PICTURE-花影权杖六.jpeg}\n权杖6是胜利和凯旋，象征经过无数挑战，最终获取胜利。但胜利之后是蒙蔽、疲惫和傲慢，不能被此吞噬，也不能在自我优越中迷失。",
		"〖7〗权杖七（SevenofWands）:\n#{PICTURE-花影权杖七.jpeg}\n权杖7象征着表明立场，并为信仰而战。世界充满竞争，战斗无时无刻都在发生。当困难来袭，寸步难行，你必须勇于面对，无所畏惧。不要为严厉的风吓住脚步，你虽然弯下脊椎，却会像竹子一样弹起。那看起来无懈可击的敌人，必将被信念的勇气击退。",
		"〖8〗权杖八（EightofWands）:\n#{PICTURE-花影权杖八.jpeg}\n权杖8代表向着目标开始长久的旅程。你已经做出了一项重要的承诺，带着希望和动力向未来进发吧。",
		"〖9〗权杖九（NineofWands）:\n#{PICTURE-花影权杖九.jpeg}\n权杖9的关键词是守卫。它急切地催促你，储备力量，为应付任何紧急状况提前准备。它要你掌握住力量的核心，但更重要的是，明白力量的本质。有时候，只有直面困难，我们才能展现出忍耐痛苦的能力。如果挑战迟迟未来，等待的时间超出预期，一定要谨慎，不可懒惰倦怠——保持敏锐和繁惕、才是难以攻克的挑战。",
		"〖10〗权杖十（TenofWands）:\n#{PICTURE-花影权杖十.jpeg}\n权杖10是超负荷的运作，承担了超出限度的责任。过度的重压导致筋疲力尽，却采取着最艰难的方式解决问题。也许塔中的生物无需她时刻悉心照料，他们也不是她必须的责任。养分不必毫无保留地给予，甚至重压也并非必须承担。她自愿承受这本可以不必的一切，但她也明白，她有能力坚持下去。",
		"〖11〗权杖侍卫（PageofWands）:\n#{PICTURE-花影权杖侍卫.jpeg}\n权杖侍卫代表激情和创造力。她俏皮、幽默，拥有超凡魅力。她大声宣告着自己的见解，表明想法，简单直接。从这种意义上说，她也是导师，渴望向人们传达拥有的智慧和知识。她是善良的火花，是创意的火焰。她主动，而且打定主意，认为你不敢去探究那些充满潜力的机会。好吧，也许看上去有点儿可怕，所以她打算推你一把。在陌生的环境中行事，往往带来出人意料奖赏。她恨不得告诉你，要行动，去吧，千万别坐下来空想。行动才是最重要的！",
		"〖12〗权杖骑士（KnightofWands）:\n#{PICTURE-花影权杖骑士.jpeg}\n权杖骑士预示着改变。他洋溢着勇气和激情，向一个目标冲去。他精神高昂，像火焰般闪耀，正是权杖牌组的最佳代言人。只是，别忘记看着脚下。在你奋勇向前的路上，开有朵朵野花。蛮干过头和爆裂的能量会阻碍你的发展，小心造成混乱。",
		"〖13〗权杖王后（QueenofWands）:\n#{PICTURE-花影权杖王后.jpeg}\n权杖王后优雅迷人，富有魅力。她喜欢鼓舞人心，也知道如何完美地运用权力。她天生喜爱聚光灯，众人的目光是她活力的源泉。她满身自信与智慧，能坦然面对一切。她并非自大，也并非傲慢，这是她的才能，去正确理解与判断。不过小心，她的魅力瞬间就能转向黑暗。她会造假，更会欺骗，她操纵事物极有手腕。还好，她时刻守护自己，不被黑暗诱惑。",
		"〖14〗权杖国王（KingofWands）:\n#{PICTURE-花影权杖国王.jpeg}\n权杖国王拥有超凡的魅力，无人能够抵挡。只要他心有所愿，整个世界都能够改变自己，为他开道。他是灵感之源，充满与生俱来的能量和荣耀。他拥有自然之力，火焰与之相随。他的血液，他的声音，他的每一个碰触中都散发出熊熊火光。他像雄狮般骄傲、凶猛，在实现自我的道路上勇往直前，尽情开创。他自信、有力，富有行动力，再勇猛的野兽也只能换得他蔑视的目光。他象征着勇猛和自信，毫不犹豫地开拓疆土，兴奋地期待即将到来的冒险。",
		"〖1〗圣杯王牌（AceofCups）:\n#{PICTURE-花影圣杯王牌.jpeg}\n这是一段开始的感情，或许我们不应该太追求理性，倾听内心的想法或许是更好的选择，小心未来可能的悲伤",
		"〖2〗圣杯二（TwoofCups）:\n#{PICTURE-花影圣杯二.jpeg}\n圣杯2象征建立关系，合作与联合。不同立场的人联手，带来潜在的关系。它也代表一段人际关系的开始，或者一段感情的和谐期。圣杯滋养着生命，所以人际关系也会因之变换、生长。有力的联合能成为坚强的后盾，无力的联合被人淡忘，无影无踪。",
		"〖3〗圣杯三（ThreeofCups）:\n#{PICTURE-花影圣杯三.jpeg}\n圣杯3代表庆典、舞蹈和欢歌。友情和聚会是开启它的条件之一，另一个条件是拥有伴侣，团队或者可靠的伙伴。",
		"〖4〗圣杯四（FourofCups）:\n#{PICTURE-花影圣杯四.jpeg}\n这是一段无聊而自我封闭的时光，独处虽然有特有的益处，但持续的时间久了就会不可避免地孤独。不妨抬头看一看外面的世界吧，说不定一盏圣杯就在不远处等着你。毕竟，只有当你走出自己的内心看向外面，你才能抓住机会。",
		"〖5〗圣杯五（FiveofCups）:\n#{PICTURE-花影圣杯五.jpeg}\n圣杯5代表独自忍受悔恨和损失。被幸福抛弃或感到悲伤,满心盼望留下机会，重新拥有。这往往是精神上的难过，并且不会带来长久的困扰，因为这时你一般能够说服自己作出必要的牺牲，而这样的一份难过也在所难免。",
		"〖6〗圣杯六（SixofCups）:\n#{PICTURE-花影圣杯六.jpeg}\n圣杯6是童年的无邪、是美好的愿望和纯净的品德。是简单的快乐，是重温愉悦之情。圣杯6不希望你对此感伤，它希望你回想起从前的故事”然后给让自己更宽容。更懂得尊重。不要被生活中疾速射出的箭逼迫太紧，你可以明断管，选择和生命紧紧连接，这是你的责任。",
		"〖7〗圣杯七（SevenofCups）:\n#{PICTURE-花影圣杯七.jpeg}\n圣杯7包含着对幻想的沉迷。拥有太多的选择带来了太多的问题。面多如此众多的去路，事情开始变德令人敬畏。太多的欲望，带来了太多的艰难。有些可能实现而另一些却不会，有些是明智之举，有些则是冥冥中发出的诱惑之音。圣杯7带来无限可能，该何去何从呢？”",
		"〖8〗圣杯八（EightofCups）:\n#{PICTURE-花影圣杯八.jpeg}\n圣杯8召唤着你，鼓舞你去发现和追寻自己的探索之路和答案。它希望你离开物质世界一会儿，花时间去探索精神。",
		"〖9〗圣杯九（NineofCups）:\n#{PICTURE-花影圣杯九.jpeg}\n圣杯9带来各种感官的愉悦享受，带来满足和美梦成真。未来已经给出承诺，所见一切都幸福完美。",
		"〖10〗圣杯十（TenofCups）:\n#{PICTURE-花影圣杯十.jpeg}\n圣杯10代表最终的和谐与平静，代表欢乐与成功。它尤其代表一种情感上的满足，而不仅仅是物质或精神上的满足。同时，家庭的支持和坚强的纽带，是安享幸福的重要保证。",
		"〖11〗圣杯侍卫（PageofCups）:\n#{PICTURE-花影圣杯侍卫.jpeg}\n圣杯侍从多愁善感，她拥有一颗真正的浪漫之心。在嘈杂喧嚣的世界里，她总是想寻找一个安静的角落，享受沐浴在欢乐中的一刻。她拥有深刻的理解，也拥有过人的直觉，这让她能够全心全意，追随那来自灵性深处，语言无法表达的声音。对她来说，一切不可能的事物，都值得相信。",
		"〖12〗圣杯骑士（KnightofCups）:\n#{PICTURE-花影圣杯骑士.jpeg}\n他是守护圣杯的圆桌骑士，他是浪漫无比的战士，他追随者心灵与情感，去往梦想中的地方。他是艺术家，是音乐家，也是诗人，他目光迷离，能看到旁人不见的梦幻国度。他是梦想家，绝不用物质衡量一切，他只会不顾一切地踏浪前进，继续那也许不计后果的旅程。圣杯骑士总是追逐着梦想。他靠直觉引导自己的旅程，金色的圣杯正是他内心完美的体现。他一直懂得，只要保持忠诚和坚贞，相信内心的直觉和召唤，总有一天，圣杯之地会欢迎他的来临。",
		"〖13〗圣杯王后（QueenofCups）:\n#{PICTURE-花影圣杯王后.jpeg}\n圣杯王后是创意的代言人，她充满诗意，是想象的化身。她行为随意，举止任性。但不要被外表欺骗，她拥有最深刻的学识，她的智慧来自于大海深处。",
		"〖14〗圣杯国王（KingofCups）:\n#{PICTURE-花影圣杯国王.jpeg}\n圣杯国王也是一名保护神。他关爱身边的每一个生物，为它们奉上治愈之水，也奉上他的怜悯和关爱。他透过海流融进你的血脉，带来讯息，净化心灵。他非常耐心，非常宽容,但同时他也懂得，所有的需求必须保持平衡。",
		"〖1〗宝剑王牌（AceofSwords）:\n#{PICTURE-花影宝剑王牌.jpeg}\n宝剑王牌用绝对的正义斩断阻碍真理的荆棘，迸发出智慧和公正的光芒，给世界以清澈透明。这是新的开始，但或许结局并不美好。",
		"〖2〗宝剑二（TwoofSwords）:\n#{PICTURE-花影宝剑二.jpeg}\n宝剑2代表僵局和思路。双方都不愿合作，除非一方做出让步，否则事态不会进展。这就像一着死棋，拼命挣扎，宁死也不愿寻求权衡之路。这是对现实的否认，对真相的逃避。当宝剑2出现，你会对眼前发生的事实和内心隐藏的情感视而不见。",
		"〖3〗宝剑三（ThreeofSwords）:\n#{PICTURE-花影宝剑三.jpeg}\n这是一张带来悲伤和心碎的牌。宝剑3充满孤独、分离，它孤立无援。没有谁安慰或是伸出援手，也不知道是否有其他人落入同样的境地。在美丽陨落之际，世界转身，抛弃了伤者，甚至不曾回头，给那颗支离破碎的心最后一盼。度过悲伤吧，心灵的泪水会净化灵魂。血液流失会重生，你将一跃飞起，在天空再次起舞。",
		"〖4〗宝剑四（FourofSwords）:\n#{PICTURE-花影宝剑四.jpeg}\n宝剑4是一张休息的牌。你该闭上双眼，放飞心灵，寻找属于内心的祥和与平静。这里居住着心灵的力量，每当你感到疲倦，都能此获取储备的能量。",
		"〖5〗宝剑五（FiveofSwords）:\n#{PICTURE-花影宝剑五.jpeg}\n宝剑5象征着利益冲突，带来争斗与不和。有时候，面前选择诱人，好处能轻易取得。别只为自己考虑，不是全世界都联合起来对付你。敞开心灵吧，换个角度看世界，否则你会越来越孤立。",
		"〖6〗宝剑六（SixofSwords）:\n#{PICTURE-花影宝剑六.jpeg}\n宝剑6代表远离痛苦。这是在创伤之后获得重生的机会。混乱的世界总会让我们意志消沉，但你必须寻找道路，重新振作起来。",
		"〖7〗宝剑七（SevenofSwords）:\n#{PICTURE-花影宝剑七.jpeg}\n宝剑7象征想要逃避的责任。它尝试带走不属于自己的东西，表露出小偷的行径。他品行不端，试图将一切占为己有，并对任何想要分享好处的人恶言相向。这是个充满欺骗的世界，如果某人不值得信赖，那就不要把信任浪费在他身上。欺骗带来怀疑，从而消极应对世界。",
		"〖8〗宝剑八（EightofSwords）:\n#{PICTURE-花影宝剑八.jpeg}\n宝剑8提醒我们，不要在琐事中浪费精力。危机很容易刺激感官，在外力所困之时，让我们感到限制、困惑和无力。环境制约并不可怕，你只要稍作喘息，集中精神，总有办法能重获自由，逃出生天。",
		"〖9〗宝剑九（NineofSwords）:\n#{PICTURE-花影宝剑九.jpeg}\n宝剑9代表内心的混乱，其实外界情况并没有糟糕到定点。灵魂被心魔折磨，愧疚或恐惧限制着你的行动。了解恐惧的源头，体验它们的含义，你拥有冲破一切阻碍的自由意志，只要你解放自己的心灵，它就会出现。",
		"〖10〗宝剑十（TenofSwords）:\n#{PICTURE-花影宝剑十.jpeg}\n宝剑10代表灾难、荒芜、幻想破灭、责任终结。仿佛她自空中坠落，进程无法受自己控制。四周煽动者漩涡和气流，除了毁灭，还是毁灭。有时候，事情就是要走向终结，你只能收拾起一地碎片，并从不幸中学得智慧。",
		"〖11〗宝剑侍卫（PageofSwords）:\n#{PICTURE-花影宝剑侍卫.jpeg}\n宝剑侍卫是诚实和正直的化身，她无所畏惧，坚持信仰。她望向黑与白的边界，观察暗夜与天光。她懂得自己为何存在，也懂得灵魂深处真正的含义。她对情感毫不保留，但作为风的使者，她绝不会让感情支配自己、影响决定。只有理性才是她的追求，她要终生与此为伍。她思维敏捷、善于分析，并用这些技能守护自己。她善于加以判断，配合直觉，同时为新鲜事物留出空间.",
		"〖12〗宝剑骑士（KnightofSwords）:\n#{PICTURE-花影宝剑骑士.jpeg}\n宝剑骑士是一位勇猛的英雄，他带着信仰，一头扎入战斗。他行动迅速、直言不讳，掩饰不是他的长项，谎言不是他的面具。他是最诚实和最忠诚的依靠，稍稍欠缺了圆滑和谨慎。另外，情感对他来说可算身外之物，他不会让感情拦在自己和目标之间。他不选那些显而易见的挑战，他喜欢怀疑和恐惧，带着理性的宝剑锋芒，无所畏惧、所向披靡。也许等待终点的只有失败，但他不会轻易退缩，因为他眼中只有胜利。",
		"〖13〗宝剑王后（QueenofSwords）:\n#{PICTURE-花影宝剑王后.jpeg}\n宝剑王后是一位富有智慧的女性，她忠诚、诙谐、爽直、幽默。她用理性看待世界，用经验衡量世界，她向内注视自己，如同注视着一面镜子。她知道那是自己本性的倒影，散发着美丽的光芒。",
		"〖14〗宝剑国王（KingofSwords）:\n#{PICTURE-花影宝剑国王.jpeg}\n他不以世俗的善恶观为鉴，而遵循自己内心的善恶，他更像是一个审判者，而剑尖的猫头鹰是智慧的象征。他寻求真理与智慧，在这里，科学与艺术完美融合",
		"〖1〗星币王牌（AceofPentacles）:\n#{PICTURE-花影星币王牌.jpeg}\n这是实现财富，保障生活的机会。对那些辛勤工作的人，星币王牌会给予他们繁荣、健康和富贵——他们付出的努力必将有所回报。在古埃及，火蜥蜴代表非凡的智慧和无上的财富。他们是大地的子民，和变色龙、巨龙一同成为金钱的守护者。他们将引导你从迷幻和梦境中走出，进入现实的世界，让欲望与所求触手可及，梦想成真。",
		"〖2〗星币二（TwoofPentacles）:\n#{PICTURE-花影星币二.jpeg}\n星币2代表着维系平衡,他游刃有余地将手中之物变换位置,平衡调停。如果计划被打乱，不要惊慌，打起精神，你可以应付——只是不要同时面对太多。",
		"〖3〗星币三（ThreeofPentacles）:\n#{PICTURE-花影星币三.jpeg}\n星币3代表团队合作，以及互相帮助时具有的优势。它强调工作的能力，还有超水平的发挥。有时候联手是达成目标的必要手段。并不是所有任务都能凭一己之力完成，也不是所有人都只能向自己求助。寻求联合不代表失败，相反,这说明你人际关系良好。拥有耐心，制定计划，坚持合作，这就是成功的原则。",
		"〖4〗星币四（FourofPentacles）:\n#{PICTURE-花影星币四.jpeg}\n星币4代表占有欲，它总是想控制一切。受到这么强烈的占有欲的控制，他的生活处处受限、碰壁。他为自己编织起牢笼，拒绝任何改变。他拒绝交流、拒绝发展，拒绝一切——同时，他否认自己的弱点，虽然他从不曾远离。他享有荣华富贵，心灵却被物质的金锁封住；他贪婪吝啬，可笑可悲。放下心自私吧，打开心灵，分享比珍宝更能带来欢乐与幸福。",
		"〖5〗星币五（FiveofPentacles）:\n#{PICTURE-花影星币五.jpeg}\n星币5代表情感的缺失、物质的困难和不安全感。在艰难的时期，忽略自身的渴望，注意力全部被悲伤吸引。感到遭受放逐、抛弃或蒙受损失，就是星币5的意义。如果你能唤起生机，将身体与心灵重新连接，就会发现重生的机会近在眼前。即使你睁开双眼，只有满目荆棘。",
		"〖6〗星币六（SixofPentacles）:\n#{PICTURE-花影星币六.jpeg}\n这是一个帮助的循环，吹笛人随手赠予流水，让幼苗成长，幼苗的根茎加固高台，免他坠落，分享与互助，这便是星币6的含义。",
		"〖7〗星币七（SevenofPentacles）:\n#{PICTURE-花影星币七.jpeg}\n星币7代表你面对困难时的决定：是享用到手的果实呢？还是留下它们继续生长？其实，这是一个有关收获的选择，是花光到手的钱，还是留待他日。种子已经播下，劳作也成为过去,现在是收获的时刻了。停下来，慢一点，好好思考，是收获，还是继续?",
		"〖8〗星币八（EightofPentacles）:\n#{PICTURE-花影星币八.jpeg}\n星币8代表手艺人。那是饱含耐心，着眼细节的工匠，拥个某个领域的专长。它将全部精力投入，开始实现目标过程。它探求智慧，寻找更高更深的技巧和领会。它必须勤加劳作，用双手亲身创造，思想才能体会。它也渴求成功,因为成功是一种肯定。只有优良的技巧和能力，才能完成实践和考量。而判断能力和技巧的标准，有时候正是成功。",
		"〖9〗星币九（NineofPentacles）:\n#{PICTURE-花影星币九.jpeg}\n星币9象征物质和精神的双重平衡。她内心和谐，物质充足，既追求享受，又自律行动。她靠自己的双手创造，并相信自己所能。她对所取所得心存感激，并深深理解它运行的规律，",
		"〖10〗星币十（TenofPentacles）:\n#{PICTURE-花影星币十.jpeg}\n星币10象征享受荣华，渴望财富延绵不断。这是最终的成功，巨大的收获，努力终于获得回报，你可安享财富与社会地这是你努力创造的结果，继续努力就可长久持续。",
		"〖11〗星币侍卫（PageofPentacles）:\n#{PICTURE-花影星币侍卫.jpeg}\n星币侍卫带来成长和成功的机会，她手中的火光象征着能力。点燃梦想吧，无论是星星之火，还是熊熊火炬。你必须依靠自己，根据能力和资源订立目标，做出选择。星币侍卫文静、可靠、忠诚，她非常热心，而且善于研究。她很现实，脚踏实地，步步为营。但她也拥有梦想，人还在端坐，心思已随风而动。她并觉得享乐有什么不好，她无忧无虑，非常快乐。她的精神感染着周围的一切。",
		"〖12〗星币骑士（KnightofPentacles）:\n#{PICTURE-花影星币骑士.jpeg}\n沉稳可靠，这是星币骑士给人的印象，他会更注重于物质上的富足和事业上的提升，在情感反而会没有什么进展，朝着目标前进，没有困难能阻挡星币骑士",
		"〖13〗星币王后（QueenofPentacles）:\n#{PICTURE-花影星币王后.jpeg}\n星币王后喜爱自然，就像她喜爱他人。她双眼中闪耀着慷慨和温暖，散发着人性的光辉。她肩头树枝缠绕，散开城扇形，那是印度十臂战车女神的象征，代表女性的创生之力。她拥有献身精神，可靠、可信，有能力守护自己的财产和地位。星币王后会给询问者以指引，她从橡树中得到力量，并不分彼此。她愿意分享，她那长久稳定的生命力，以及枝叶中阳光转化的纯净能量。",
		"〖14〗星币国王（KingofPentacles）:\n#{PICTURE-花影星币国王.jpeg}\n他拥有无尽的才能，他拥有进取之心、多才多艺，如点金石般为周围染上金色的光芒。如果他投资，则必定成功；如果他创新，则必定开枝散叶，结出硕果。他非常可靠，经验丰富。他喜好成功，但为人慷慨，愿意分享财富和荣光。他结出果实，为他人提供。他深深懂得一个道理，钱如流水，不用不通。"
	],

	"圣三角牌阵": [
		"过去/现在/决定/现状：{花影塔罗牌} \n现在/阻碍/选择1/该做的事：{花影塔罗牌} \n未来/建议/选择2/不该做的事：{花影塔罗牌}"],
	"六芒星牌阵": [
		"起因：{花影塔罗牌} \n现状：{花影塔罗牌} \n未来：{花影塔罗牌} \n对策：{花影塔罗牌} \n周遭：{花影塔罗牌} \n态度：{花影塔罗牌} \n结果：{花影塔罗牌} "
	],
	"凯尔特十字牌阵": [
		"自我：{花影塔罗牌} \n冲突：{花影塔罗牌} \n基础：{花影塔罗牌} \n过去：{花影塔罗牌} \n近期未来：{花影塔罗牌} \n想要的结果：{花影塔罗牌} \n自我表现：{花影塔罗牌} \n环境：{花影塔罗牌} \n希望与恐惧：{花影塔罗牌} \n结果：{花影塔罗牌} "],
	"爱之星牌阵": [
		"已经做好的准备：{花影塔罗牌}\n尚未做好的准备：{花影塔罗牌}\n可行的：{花影塔罗牌}\n不可行的：{花影塔罗牌}\n结果：{花影塔罗牌}"],
	"命运的终局牌阵": [
		"你的希望：{花影塔罗牌}\n对方的希望：{花影塔罗牌}\n优势：{花影塔罗牌}\n你的恐惧：{花影塔罗牌}\n对方的恐惧：{花影塔罗牌}\n弱点：{花影塔罗牌}\n结果：{花影塔罗牌}"],
	"权衡之阵牌阵": [
		"自我：{花影塔罗牌}\n出现的事态：{花影塔罗牌}\n消失的事态{花影塔罗牌}\n风：{花影塔罗牌}"],
	"无尽的追寻牌阵": [
		"离去1：{花影塔罗牌}\n离去2：{花影塔罗牌}\n离去3：{花影塔罗牌}\n原因：{花影塔罗牌}\n星光：{花影塔罗牌}\n挑战：{花影塔罗牌}\n终点：{花影塔罗牌}"],
	"宇宙的讯息牌阵": [
		"身体：{花影塔罗牌}\n心灵：{花影塔罗牌}\n思维：{花影塔罗牌}\n精神（灵性）：{花影塔罗牌}"],
	"梦想成真牌阵": [
		"最有力的部分：{花影塔罗牌}\n提供帮助的能量：{花影塔罗牌}\n最无力的部分：{花影塔罗牌}\n建议1：{花影塔罗牌}\n建议2：{花影塔罗牌}\n结果：{花影塔罗牌}"]
}