{
"米哈游十连触发词":[
  "以下为默认触发词:\n米哈游十连\n崩三十连\n原神十连\n崩铁十连\n绝区零十连"
],
"牌堆信息":[
  "作者:雨岚之忆",
  "版本:V1.1.1",
  "崩三:V7.2",
  "原神:V4.7",
  "崩铁:V2.3(+2.4角色前瞻)",
  "绝区零:V1.0"
],
  "米哈游十连":[
    "{_文本}{_十连}"
  ],
  "原神十连":[
    "一颗流星在天空中划过，随着流星的划落，{user}获得了：{_原十连}"
  ],
  "崩铁十连":[
    "列车驶来，车门打开，{user}获得了：{_铁十连}"
  ],
  "崩三十连":[
    "从天而降的一个补给箱缓缓打开，{user}获得了：{_崩十连}"
  ],
  "绝区零十连":[
    "你打开电视进行调律，{user}获得了：{_绝十连}"
  ],
  "_文本":[
    "列车驶来，车门打开，{user}获得了：",
    "一颗流星在天空中划过，随着流星的划落，{user}获得了：",
    "从天而降的一个补给箱缓缓打开，{user}获得了：",
     "你打开电视进行调律，{user}获得了："
  ], 
    "_十连":[
        "\n{_一类}\n{_一类}\n{_一类}\n{_一类}\n{_一类}\n{_一类}\n{_一类}\n{_一类}\n{_一类}\n{_保底}"
      ],
    "_原十连":[
        "\n{_原神单抽}\n{_原神单抽}\n{_原神单抽}\n{_原神单抽}\n{_原神单抽}\n{_原神单抽}\n{_原神单抽}\n{_原神单抽}\n{_原神单抽}\n{_原神保底}"
      ],
    "_铁十连":[
        "\n{_崩铁单抽}\n{_崩铁单抽}\n{_崩铁单抽}\n{_崩铁单抽}\n{_崩铁单抽}\n{_崩铁单抽}\n{_崩铁单抽}\n{_崩铁单抽}\n{_崩铁单抽}\n{_崩铁保底}"
      ],
    "_崩十连":[
        "\n{_崩三单抽}\n{_崩三单抽}\n{_崩三单抽}\n{_崩三单抽}\n{_崩三单抽}\n{_崩三单抽}\n{_崩三单抽}\n{_崩三单抽}\n{_崩三单抽}\n{_崩三保底}"
      ],
    "_绝十连":[
      "\n{_绝区零单抽}\n{_绝区零单抽}\n{_绝区零单抽}\n{_绝区零单抽}\n{_绝区零单抽}\n{_绝区零单抽}\n{_绝区零单抽}\n{_绝区零单抽}\n{_绝区零单抽}\n{_绝区零保底}"
    ],
    "_一类":["{_原神单抽}","{_崩铁单抽}","{_崩三单抽}","{_绝区零单抽}"],
    "_保底":["{_原神保底}","{_崩铁保底}","{_崩三保底}","{_绝区零保底}"],
    
    "_崩三单抽":[
      "::2::材料 | {_崩三星}",
      "::2::{_崩四星}",
      "::1::{_崩五星}",
      "::1::{_崩彩蛋}"
    ],
    "_崩铁单抽":[
      "::2::光锥 | {_铁三星}",
      "::2::{_铁四星}",
      "::1::{_铁五星}",
      "::1::{_铁彩蛋}"
    ],
    "_原神单抽":[
      "::2::武器 | {_原三星}",
      "::2::{_原四星}",
      "::1::{_原五星}",
      "::1::{_原彩蛋}"
    ],
    "_绝区零单抽":[
      "::2::音擎 | {_绝三星}",
      "::2::{_绝四星}",
      "::1::{_绝五星}"
    ],
    "_崩三保底":[
      "::30::{_崩四星}",
      "::10::{_崩五星}"
    ],
    "_崩铁保底":[
      "::30::{_铁四星}",
      "::10::{_铁五星}"
    ],
    "_原神保底":[
      "::30::{_原四星}",
      "::10::{_原五星}"
    ],
    "_绝区零保底":[
      "::30::{_绝四星}",
      "::10::{_绝五星}"
    ],
    "_原五星":[
      "{_原五星没歪}",
      "{_原五星常驻}"
    ],
    "_铁五星":[
      "{_铁五星没歪}",
      "{_铁五星常驻}"
    ],
    "_绝五星":[
      "{_绝五星没歪}",
      "{_绝五星常驻}"
    ],
    
    
    "_原彩蛋":[
      "角色 | {_原六星}",
      "角色 | {_夜叉}",
      "角色 | {_愚人众}",
      "角色 | {_璃月真君}",
      "{_原刀子}",
      "{_原其他}",
      "{_其他}"
    ], 
    "_崩彩蛋":[
      "{_崩梗}",
      "::4::{_崩刀}"
    ],
    "_铁彩蛋":[
      "{_铁梗}",
      "{_铁刀子}",
      "{_铁货币}",
      "{_其他}"
    ],
    "_崩三星":[
      "  吼姆宝藏",
      "  吼咪宝藏",
      "  相转移镜面",
      "  双子灵魂结晶",
      "  双子绯樱意志",
      "  绯樱意志",
      "  灵魂结晶",
      "  吼里宝藏",
      "  秘银",
      "  角色经验芯片",
      "  高级技能材料",
      "  2星装备",
      "  3星装备"
    ],
    "_原三星":[
        "★★★☆☆ 冷刃",
        "★★★☆☆ 飞天御剑",
        "★★★☆☆ 沐浴龙血的剑",
        "★★★☆☆ 黑缨枪",
        "★★★☆☆ 讨龙英杰谭",
        "★★★☆☆ 鸦羽弓",
        "★★★☆☆ 弹弓",
        "★★★☆☆ 神射手之誓",
        "★★★☆☆ 翡玉法球",
        "★★★☆☆ 魔导绪论",
        "★★★☆☆ 以理服人",
        "★★★☆☆ 铁影阔剑",
        "★★★☆☆ 黎明神剑"
    ],
    "_铁三星":[
      "★★★☆☆ 智库",
      "★★★☆☆ 离弦",
      "★★★☆☆ 嘉果",
      "★★★☆☆ 乐圮",
      "★★★☆☆ 戍御",
      "★★★☆☆ 渊环",
      "★★★☆☆ 轮契",
      "★★★☆☆ 灵钥",
      "★★★☆☆ 相抗",
      "★★★☆☆ 藩息",
      "★★★☆☆ 俱殁",
      "★★★☆☆ 开疆",
      "★★★☆☆ 匿影",
      "★★★☆☆ 调和",
      "★★★☆☆ 睿见"
    ],
    "_绝三星":[
      "B级      「湍流」-铳型",
      "B级      「湍流」-矢型",
      "B级      「湍流」-斧型",
      "B级      「电磁暴」-壹式",
      "B级      「电磁暴」-贰式",
      "B级      「电磁暴」-叁式",
      "B级      「月相」-晦",
      "B级      「月相」-望",
      "B级      「月相」-朔",
      "B级      「残响」-Ⅰ型",
      "B级      「残响」-Ⅱ型",
      "B级      「残响」-Ⅲ型",
      "B级      「恒等式」-本格"

    ],
  "_崩四星":[
    "角色 | {_A级女武神}",
    "圣痕 | {_四星圣痕}"
  ],
    "_A级女武神":[
      " A级      午夜苦艾",
      " A级      女武神·荣光",
      " A级      幻梦海蝶",
      " A级      蓝莓特攻",
      " A级      彗星驱动",
      " A级      猎袭装·影铁",
      " A级      原罪猎人",
      " A级      白夜执事",
      " A级      圣仪装·今样",
      " A级      银狼的黎明",
      " A级      樱火轮舞",
      " A级      女武神·誓约",
      " A级      逆神巫女",
      " A级      雾都讯羽",
      " A级      断罪影舞",
      " A级      破晓强袭",
      " A级      天穹游侠",
      " A级      影舞冲击",
      " A级      女武神·凯旋",
      " A级      女武神·讯羽",
      " A级      真炎幸魂",
      " A级      女武神·强袭",
      " A级      黯蔷薇",
      " A级      女武神·游侠",
      " A级      极地战刃",
      " A级      圣女祈祷",
      " A级      雪地狙击",
      " A级      月下初拥",
      " A级      融核装·深红",
      " A级      驱动装·山吹"
    ],
    "_四星圣痕":[
      "★★★★☆ 希儿 · 春游(中)",
      "★★★★☆ 丽塔 · 清扫(中)",
      "★★★★☆ 八重樱 · 红叶(下)",
      "★★★★☆ 布洛妮娅 · 游乐(下)",
      "★★★★☆ 识之律者 · 滑板(上)",
      "★★★★☆ 格蕾修 · 登山(上)",
      "★★★★☆ 普罗米亚 · 炽焰(下)",
      "★★★★☆ 双子 · 新春(下)",
      "★★★★☆ 西琳 · 成衣(下)",
      "★★★★☆ 希儿 · 吟唱(上)",
      "★★★★☆ 琪亚娜 · 夜邀(下)",
      "★★★★☆ 人之律者 · 购物(中)",
      "★★★★☆ 爱酱 · 酣畅甜梦(下)",
      "★★★★☆ 格蕾修 · 童话(中)",
      "★★★★☆ 卡萝尔 · 兼职(中)",
      "★★★★☆ 李素裳 · 练武(下)",
      "★★★★☆ 斯科特(上)",
      "★★★★☆ 斯科特(中)",
      "★★★★☆ 斯科特(下)",
      "★★★★☆ 薛定谔 · 游学(上)",
      "★★★★☆ 薛定谔 · 游学(中)",
      "★★★★☆ 薛定谔 · 游学(下)",
      "★★★★☆ 巴托里 · 伊丽莎白(上)",
      "★★★★☆ 巴托里 · 伊丽莎白(中)",
      "★★★★☆ 巴托里 · 伊丽莎白(下)",
      "★★★★☆ 呼邪(上)",
      "★★★★☆ 呼邪(中)",
      "★★★★☆ 呼邪(下)",
      "★★★★☆ 阿提拉(上)",
      "★★★★☆ 阿提拉(中)",
      "★★★★☆ 阿提拉(下)",
      "★★★★☆ 坂本龙马(上)",
      "★★★★☆ 坂本龙马(中)",
      "★★★★☆ 坂本龙马(下)",
      "★★★★☆ 尼古拉 · 特斯拉(上)",
      "★★★★☆ 尼古拉 · 特斯拉(中)",
      "★★★★☆ 尼古拉 · 特斯拉(下)",
      "★★★★☆ 爱迪生(上)",
      "★★★★☆ 爱迪生(中)",
      "★★★★☆ 爱迪生(下)",
      "★★★★☆ 布洛妮娅 · 魔力(上)",
      "★★★★☆ 布洛妮娅 · 魔力(中)",
      "★★★★☆ 布洛妮娅 · 魔力(下)",
      "★★★★☆ 罗兰(上)",
      "★★★★☆ 罗兰(中)",
      "★★★★☆ 罗兰(下)",
      "★★★★☆ 姬子 · 圣诞(上)",
      "★★★★☆ 姬子 · 圣诞(中)",
      "★★★★☆ 姬子 · 圣诞(下)",
      "★★★★☆ 查理曼(上)",
      "★★★★☆ 查理曼(中)",
      "★★★★☆ 查理曼(下)",
      "★★★★☆ 奥吉尔(上)",
      "★★★★☆ 奥吉尔(中)",
      "★★★★☆ 奥吉尔(下)",
      "★★★★☆ 浅井茶茶(上)",
      "★★★★☆ 浅井茶茶(中)",
      "★★★★☆ 浅井茶茶(下)",
      "★★★★☆ 直江兼续(上)",
      "★★★★☆ 直江兼续(中)",
      "★★★★☆ 直江兼续(下)",
      "★★★★☆ 时雨绮罗(上)",
      "★★★★☆ 时雨绮罗(中)",
      "★★★★☆ 时雨绮罗(下)",
      "★★★★☆ 琪亚娜 · 端午(上)",
      "★★★★☆ 芽衣 · 端午(中)",
      "★★★★☆ 布洛妮娅 · 端午(下)",
      "★★★★☆ 里纳尔多(上)",
      "★★★★☆ 里纳尔多(中)",
      "★★★★☆ 里纳尔多(下)",
      "★★★★☆ 德丽莎 · 起源(上)",
      "★★★★☆ 德丽莎 · 起源(中)",
      "★★★★☆ 德丽莎 · 起源(下)",
      "★★★★☆ 吼姆(上)",
      "★★★★☆ 吼姆(中)",
      "★★★★☆ 吼姆(下)",
      "★★★★☆ 伽利略(上)",
      "★★★★☆ 伽利略(中)",
      "★★★★☆ 伽利略(下)",
      "★★★★☆ 芥川龙之介(上)",
      "★★★★☆ 芥川龙之介(中)",
      "★★★★☆ 芥川龙之介(下)",
      "★★★★☆ 琪亚娜 · 沙滩(上)",
      "★★★★☆ 德丽莎 · 沙滩(中)",
      "★★★★☆ 姬子 · 沙滩(下)",
      "★★★★☆ 罗尔德 · 阿蒙森(上)",
      "★★★★☆ 罗尔德 · 阿蒙森(中)",
      "★★★★☆ 罗尔德 · 阿蒙森(下)",
      "★★★★☆ 特斯拉 · 圣诞(上)",
      "★★★★☆ 爱因斯坦 · 圣诞(中)",
      "★★★★☆ 普朗克 · 圣诞(下)",
      "★★★★☆ 柴可夫斯基(上)",
      "★★★★☆ 柴可夫斯基(中)",
      "★★★★☆ 柴可夫斯基(下)",
      "★★★★☆ 梅比乌斯 · 试衣(中)",
      "★★★★☆ 琪亚娜 · 伴奏(中)",
      "★★★★☆ 芽衣 · 演出 (上)",
      "★★★★☆ 米游姬 · 演出(中)",
      "★★★★☆ 丽塔 · 逗猫(上)",
      "★★★★☆ 史丹 · 逗猫(中)",
      "★★★★☆ 幽兰黛尔 · 逗猫(下)",
      "★★★★☆ 朔夜观星 · 千秋(中)",
      "★★★★☆ 八重樱 · 霞影(中)",
      "★★★★☆ 渡鸦 · 戏浪(中)",
      "★★★★☆ 希儿 · 逛街(中)",
      "★★★★☆ 姬子 · 新春(下)",
      "★★★★☆ 丽塔 · 红叶(下)",
      "★★★★☆ 双子 · 梅雨(下)",
      "★★★★☆ 琪亚娜 · 生贺(下)",
      "★★★★☆ 芽衣 · 生日(下)",
      "★★★★☆ 吼姆 · 健身(中)",
      "★★★★☆ 双子 · 出游(下)",
      "★★★★☆ 德丽莎 · 生日(下)",
      "★★★★☆ 布洛妮娅 · 卡路里(下)",
      "★★★★☆ 希儿 · 深海(中)",
      "★★★★☆ 仿犹大 · 人偶(下)",
      "★★★★☆ 琪亚娜 · 生日(中)",
      "★★★★☆ 符华 · 踏青(下)",
      "★★★★☆ 姬子 · 补习(中)",
      "★★★★☆ 丽塔 · 极致水润(中)",
      "★★★★☆ 芽衣 · 歌姬(中)",
      "★★★★☆ 德丽莎 · 魔法少女(中)",
      "★★★★☆ 丽塔 · 倾心(中)",
      "★★★★☆ 芽衣 · 白领(中)",
      "★★★★☆ 布洛妮娅 · 生日(中)",
      "★★★★☆ 姬子 · 生日(中)",
      "★★★★☆ 卡萝尔 · 咪啾(中)",
      "★★★★☆ 姬子 · 冬日(中)",
      "★★★★☆ 琪亚娜 · 露营(下)",
      "★★★★☆ 姬子 · 花嫁(中)",
      "★★★★☆ 芽衣 · 花嫁(中)",
      "★★★★☆ 芽衣 · 恶魔(中)",
      "★★★★☆ 德莉傻(中)",
      "★★★★☆ 挚爱 · 一生(中)",
      "★★★★☆ 异世旅人(上)",
      "★★★★☆ 德丽莎 · 梅雨(上)",
      "★★★★☆ 美里(上)",
      "★★★★☆ 幽兰黛尔 · 雾都侦探(上)",
      "★★★★☆ 丽塔 · 失落迷迭(上)",
      "★★★★☆ 八重樱 · 生日(上)",
      "★★★★☆ 符华 · 诞辰(上)",
      "★★★★☆ 希儿 · 生日(上)",
      "★★★★☆ 塞西莉亚 · 素月(上)",
      "★★★★☆ 八重樱 · 振袖(上)",
      "★★★★☆ 德丽莎 · 降生(上)",
      "★★★★☆ 丽塔 · 红心王后(上)",
      "★★★★☆ 爱迪生 · 感恩节(上)",
      "★★★★☆ 八重樱 · 旗袍(上)",
      "★★★★☆ 女武神 · 犹大(上)",
      "★★★★☆ 布洛妮娅 · 骇客(上)",
      "★★★★☆ 冬之公主(上)",
      "★★★★☆ 幽兰黛尔 · 度假(中)",
      "★★★★☆ 希儿 · 度假(下)",
      "★★★★☆ 空之律者 · 度假(上)",
      "★★★★☆ 姬麟 · 戏水(下)",
      "★★★★☆ 姬麟 · 戏水(中)",
      "★★★★☆ 姬麟 · 戏水(上)"
    ],
  "_原四星":[
    "角色 | {_原四星角色}",
    "武器 | {_原四星武器}"
  ],
    "_原四星武器": [
      "★★★★☆ 筑云",
      "★★★★☆ 沙中伟贤的对答",
      "★★★★☆ 「究极霸王超级魔剑」",
      "★★★★☆ 水仙十字之剑",
      "★★★★☆ 勘探钻机",
      "★★★★☆ 测距规",
      "★★★★☆ 西风剑",
      "★★★★☆ 祭礼剑",
      "★★★★☆ 笛剑",
      "★★★★☆ 西风大剑",
      "★★★★☆ 匣里龙吟",
      "★★★★☆ 钟剑",
      "★★★★☆ 祭礼大剑",
      "★★★★☆ 雨裁",
      "★★★★☆ 匣里灭辰",
      "★★★★☆ 西风长枪",
      "★★★★☆ 西风秘典",
      "★★★★☆ 流浪乐章",
      "★★★★☆ 祭礼残章",
      "★★★★☆ 昭心",
      "★★★★☆ 西风猎弓",
      "★★★★☆ 绝弦",
      "★★★★☆ 祭礼弓",
      "★★★★☆ 弓藏",
      "★★★★☆ 暗巷的酒与诗",
      "★★★★☆ 暗巷闪光",
      "★★★★☆ 千岩古剑",
      "★★★★☆ 恶玉丸",
      "★★★★☆ 幽夜华尔兹",
      "★★★★☆ 曚云之月",
      "★★★★☆ 暗巷猎手",
      "★★★★☆ 断浪长鳍",
      "★★★★☆ 千岩长枪",
      "★★★★☆ 鹿野苑平藏",
      "★★★★☆ 玛海菈的水色",
      "★★★★☆ 流浪的晚星",
      "★★★★☆ 西福斯的月光",
      "★★★★☆ 东花坊时雨",
      "★★★★☆ 无垠蔚蓝之歌",
      "★★★★☆ 船坞长剑",
      "★★★★☆ 便携动力锯"
    ],
    "_原四星角色":[
      "★★★★☆ 嘉明",
      "★★★★☆ 夏沃蕾",
      "★★★★☆ 夏洛蒂",
      "★★★★☆ 塞索斯",
      "★★★★☆ 雷泽",
      "★★★★☆ 北斗",
      "★★★★☆ 行秋",
      "★★★★☆ 凝光",
      "★★★★☆ 班尼特",
      "★★★★☆ 诺艾尔",
      "★★★★☆ 重云",
      "★★★★☆ 砂糖",
      "★★★★☆ 芭芭拉",
      "★★★★☆ 香菱",
      "★★★★☆ 云堇",
      "★★★★☆ 五郎",
      "★★★★☆ 托马",
      "★★★★☆ 早柚",
      "★★★★☆ 九条裟罗",
      "★★★★☆ 菲谢尔",
      "★★★★☆ 丽莎",
      "★★★★☆ 迪奥娜",
      "★★★★☆ 安柏",
      "★★★★☆ 罗莎莉亚",
      "★★★★☆ 凯亚",
      "★★★★☆ 辛焱",
      "★★★★☆ 烟绯",
      "★★★★☆ 久岐忍",
      "★★★★☆ 柯莱",
      "★★★★☆ 多莉",
      "★★★★☆ 坎蒂丝",
      "★★★★☆ 鹿野苑平藏",
      "★★★★☆ 莱依拉",
      "★★★★☆ 珐露珊",
      "★★★★☆ 瑶瑶",
      "★★★★☆ 绮良良",
      "★★★★☆ 卡维",
      "★★★★☆ 米卡",
      "★★★★☆ 琳尼特",
      "★★★★☆ 菲米尼"
    ],
  "_铁四星":[
    "角色 | {_铁四星角色}",
    "武器 | {_铁四星武器}"
  ],
    "_铁四星武器": [
      "★★★★☆ 无边曼舞",
      "★★★★☆ 为了明日的旅途",
      "★★★★☆ 两个人的演唱会",
      "★★★★☆ 好戏开演",
      "★★★★☆ 何物为真",
      "★★★★☆ 晚安与睡颜",
      "★★★★☆ 余生的第一天",
      "★★★★☆ 唯有沉默",
      "★★★★☆ 记忆中的模样",
      "★★★★☆ 鼹鼠党欢迎你",
      "★★★★☆ 「我」的诞生",
      "★★★★☆ 同一种心情",
      "★★★★☆ 猎物的视线",
      "★★★★☆ 朗道的选择",
      "★★★★☆ 论剑",
      "★★★★☆ 与行星相会",
      "★★★★☆ 秘密誓心",
      "★★★★☆ 别让世界静下来",
      "★★★★☆ 此时恰好",
      "★★★★☆ 决心如汗珠般闪耀",
      "★★★★☆ 宇宙市场趋势",
      "★★★★☆ 点个关注吧",
      "★★★★☆ 舞！舞！舞！",
      "★★★★☆ 在蓝天下",
      "★★★★☆ 天才们的休憩",
      "★★★★☆ 等价交换",
      "★★★★☆ 延长记号",
      "★★★★☆ 我们是地火",
      "★★★★☆ 春水初生",
      "★★★★☆ 过往未来",
      "★★★★☆ 汪！散步时间",
      "★★★★☆ 早餐的仪式感",
      "★★★★☆ 何物为真",
      "★★★★☆ 最后的赢家",
      "★★★★☆ 织造命运之线",
      "★★★★☆ 银河沦陷日",
      "★★★★☆ 嘿，我在这儿",
      "★★★★☆ 一场术后对话",
      "★★★★☆ 暖夜不会太长",
      "★★★★☆ 后会有期",
      "★★★★☆ 这就是我啦！",
      "★★★★☆ 重返幽冥",
      "★★★★☆ 镂月裁云之意",
      "★★★★☆ 无处可逃",
      "★★★★☆ 今日亦是和平的一日",
      "★★★★☆ 美梦小镇大冒险",
      "★★★★☆ 在火的远处",
      "★★★★☆ 好戏开演",
      "★★★★☆ 铭记于心的约定",
      "★★★★☆ 新手任务开始前"
     ],
    "_铁四星角色":[
      "★★★★☆ 三月七(巡猎)",
      "★★★★☆ 加拉赫",
      "★★★★☆ 三月七(存护)",
      "★★★★☆ 丹恒",
      "★★★★☆ 阿兰",
      "★★★★☆ 艾丝妲",
      "★★★★☆ 黑塔",
      "★★★★☆ 希露瓦",
      "★★★★☆ 娜塔莎",
      "★★★★☆ 佩拉",
      "★★★★☆ 桑博",
      "★★★★☆ 虎克",
      "★★★★☆ 玲可",
      "★★★★☆ 卢卡",
      "★★★★☆ 青雀",
      "★★★★☆ 停云",
      "★★★★☆ 素裳",
      "★★★★☆ 停云",
      "★★★★☆ 桂乃芬",
      "★★★★☆ 雪衣",
      "★★★★☆ 寒鸦",
      "★★★★☆ 米沙"
     ],
  "_绝四星":[
    "角色 | {_绝四星角色}",
    "音擎 | {_绝四星武器}",
    "邦布 | {_绝四星邦布}"
  ],
    "_绝四星武器":[
      "A级      「恒等式」-变格",
      "A级      德玛拉电池Ⅱ型",
      "A级      左轮转子",
      "A级      贵重骨核",
      "A级      人为刀俎",
      "A级      触电唇彩",
      "A级      轰鸣座驾",
      "A级      双生泣星",
      "A级      雨林饕客",
      "A级      家政员",
      "A级      仿制星徽引擎",
      "A级      加农转子",
      "A级      旋钻机-赤轴",
      "A级      星徽引擎",
      "A级      街头巨星",
      "A级      聚宝箱",
      "A级      含羞恶面",
      "A级      逍遥游球",
      "A级      好斗的阿炮",
      "A级      时光切片",
      "A级      兔能环",
      "A级      春日融融",
      "A级      比格气缸",
      "A级      正版变身器"

    ],
    "_绝四星角色":[
      "A级      苍角",
      "A级      露西",
      "A级      派派·韦尔",
      "A级      安比",
      "A级      比利",
      "A级      妮可",
      "A级      本",
      "A级      安东",
      "A级      可琳"

    ],
    "_绝四星邦布":[
      "A级      泪眼布",
      "A级      飞靶布",
      "A级      气压布",
      "A级      恶魔布",
      "A级      企鹅布",
      "A级      电击布",
      "A级      纸壳布",
      "A级      寻宝布",
      "A级      磁力布",
      "A级      果核布",
      "A级      扑击布",
      "A级      纸袋布"

    ],

  "_崩五星":[
    "角色 | {_S级女武神}",
    "武器 | {_五星武器}",
    "武器 | {_超限武器}"
  ],
    "_S级女武神":[
      " S级      天行 绘星之卷",
      " S级      月下誓约 予爱以心",
      " S级      奇迹 魔法少女",
      " S级      死生之律者",
      " S级      织羽梦旌",
      " S级      终焉之律者",
      " S级      始源之律者",
      " S级      真理之律者",
      " S级      玉骑士·月痕",
      " S级      真我·人之律者",
      " S级      螺旋·愚戏之匣",
      " S级      戒律·深罪之槛",
      " S级      缭乱星棘",
      " S级      天元骑英",
      " S级      次生银翼",
      " S级      无限·噬界之蛇",
      " S级      粉色妖精小姐",
      " S级      薪炎之律者",
      " S级      魔夜星渊",
      " S级      识之律者",
      " S级      不灭星锚",
      " S级      狂热蓝调delta",
      " S级      失落迷迭",
      " S级      雷之律者",
      " S级      辉骑士·月魂",
      " S级      云墨丹心",
      " S级      彼岸双生",
      " S级      暮光骑士·月煌",
      " S级      理之律者",
      " S级      樱桃炸弹",
      " S级      真红骑士·月蚀",
      " S级      空之律者",
      " S级      第六夜想曲",
      " S级      炽翎",
      " S级      影骑士·月轮",
      " S级      神恩颂歌",
      " S级      御神装·勿忘",
      " S级      血色玫瑰",
      " S级      白骑士·月光",
      " S级      苍骑士·月魂",
      " S级      雷电女王的鬼铠",
      " S级      异度黑核侵蚀",
      " S级      次元边界突破"
    
    ],
    "_五星武器":[
      "★★★★★ 万古一炬",
      "★★★★★ 游航的定锚",
      "★★★★★ 血染赤匣",
      "★★★★★ 不识时务",
      "★★★★★ 裁梦者",
      "★★★★★ 撷生之谣",
      "★★★★★ 星河舞曲",
      "★★★★★ 虚境锋刺",
      "★★★★★ 凡念梦兆",
      "★★★★★ 潘多拉之盒18th",
      "★★★★★ 娑影琉光",
      "★★★★★ 澄凝之钥",
      "★★★★★ 无名之钥",
      "★★★★★ 升恒之钥",
      "★★★★★ 终型·命运",
      "★★★★★ 旅梦时舵",
      "★★★★★ 伊甸之星·逆熵",
      "★★★★★ 夜衔烛",
      "★★★★★ 真我之钥",
      "★★★★★ 往世的绝塔",
      "★★★★★ 涤罪七雷·鸣",
      "★★★★★ 往世的星空",
      "★★★★★ 往世的苦囚",
      "★★★★★ 往世的幻梦",
      "★★★★★ 子夜的黑光",
      "★★★★★ 星刃 白矮星",
      "★★★★★ 蓝焰银隼0019",
      "★★★★★ 极夜之赫卡忒",
      "★★★★★ 往世的蛇影",
      "★★★★★ 往世的飞花",
      "★★★★★ 黑渊白花",
      "★★★★★ 永寂之赫勒尔",
      "★★★★★ 焢煌之钥",
      "★★★★★ 血渊之眸",
      "★★★★★ 彼岸之扉",
      "★★★★★ 袖缠云",
      "★★★★★ 真理之钥",
      "★★★★★ 睡美人",
      "★★★★★ 神陨剑·史尔特尔",
      "★★★★★ 歼星者19C",
      "★★★★★ 百手巨人初型",
      "★★★★★ 磁暴·斩",
      "★★★★★ 星枪 主序星",
      "★★★★★ 恒霜之斯卡蒂",
      "★★★★★ 妖刀·赤染樱",
      "★★★★★ 天殛之钥",
      "★★★★★ 羽渡尘",
      "★★★★★ 樱花的誓约",
      "★★★★★ 仿灵刀·冰昙天",
      "★★★★★ 空无之钥",
      "★★★★★ 无存之钥",
      "★★★★★ 超电磁手炮",
      "★★★★★ 幽色咏叹调",
      "★★★★★ 断光之努亚达",
      "★★★★★ 安息鸢尾",
      "★★★★★ 11th圣遗物",
      "★★★★★ 劫灭",
      "★★★★★ 往世的华章",
      "★★★★★ 蔚蓝耀斑",
      "★★★★★ 黯陨金秤",
      "★★★★★ 奇迹咪啾",
      "★★★★★ 黑渊",
      "★★★★★ 坍陨之瞳",
      "★★★★★ 影夜栖羽",
      "★★★★★ 赤鸢之翼",
      "★★★★★ 开天剑",
      "★★★★★ 丹朱剑",
      "★★★★★ 火刀·真田",
      "★★★★★ 地狱火 III 型",
      "★★★★★ 量子毁灭者 II 型",
      "★★★★★ 黑星",
      "★★★★★ 锦筝叹",
      "★★★★★ 提尔的断腕",
      "★★★★★ 魔龙之脊",
      "★★★★★ 天穹撕裂者",
      "★★★★★ 高周波切割刀",
      "★★★★★ M134火神机枪",
      "★★★★★ 灵枪·八重",
      "★★★★★ 巴鲁蒙格",
      "★★★★★ 牛鬼切·长光",
      "★★★★★ 黑轩辕剑",
      "★★★★★ 雷刀·鬼角",
      "★★★★★ 天鹅湖",
      "★★★★★ 游骑兵锯齿",
      "★★★★★ 游骑兵手炮",
      "★★★★★ 异型·赫尔之弓",
      "★★★★★ 赫朗格尼尔",
      "★★★★★ 原型·妖精之弓",
      "★★★★★ 藏锋",
      "★★★★★ 灵刀·樱吹雪",
      "★★★★★ 黑铁",
      "★★★★★ 破晓者·塔尔瓦",
      "★★★★★ 地藏御魂",
      "★★★★★ 7th圣遗物",
      "★★★★★ 爱酱的拐杖",
      "★★★★★ 雷切",
      "★★★★★ 索尔之锤",
      "★★★★★ 尼德霍格翼爪",
      "★★★★★ 独眼巨人初型",
      "★★★★★ 5th圣遗物",
      "★★★★★ 朗基努斯之枪",
      "★★★★★ 幽夜华尔兹",
      "★★★★★ 辉刀·经津主",
      "★★★★★ 戴月鸦啼",
      "★★★★★ 晨曦荣辉",
      "★★★★★ 阿芙洛狄忒",
      "★★★★★ 百鸟问天",
      "★★★★★ 仿犹大·血之拥抱",
      "★★★★★ 犹大的誓约",
      "★★★★★ 3rd圣遗物",
      "★★★★★ 法夫尼尔爆炎",
      "★★★★★ 2nd圣遗物",
      "★★★★★ 血手圣徒",
      "★★★★★ 光与影",
      "★★★★★ 童谣",
      "★★★★★ 永暮双狼",
      "★★★★★ 超维☆奏鸣曲",
      "★★★★★ 天火大剑",
      "★★★★★ 伊甸之星",
      "★★★★★ 虚无之刃",
      "★★★★★ 凡尘难渡",
      "★★★★★ 残火之鸢",
      "★★★★★ 晓月镇魂歌",
      "★★★★★ 苍玄之书",
      "★★★★★ 影鵺",
      "★★★★★ 连山守护",
      "★★★★★ 伊甸双星",
      "★★★★★ 翠羽落花",
      "★★★★★ 埃琉德尼尔",
      "★★★★★ 极光斩舰刀",
      "★★★★★ 碎骨兔19C",
      "★★★★★ 太虚之握",
      "★★★★★ 银色切割者",
      "★★★★★ 基因收割者",
      "★★★★★ 星环漩涡",
      "★★★★★ 鲜血之舞",
      "★★★★★ 重装小兔19C",
      "★★★★★ 烈焰毁灭者",
      "★★★★★ 等离子影秀",
      "★★★★★ 核心聚能炮Delta",
      "★★★★★ 日炎大剑",
      "★★★★★ 耀星",
      "★★★★★ 黎明审判",
      "★★★★★ 碎星者·维克兰特",
      "★★★★★ 游骑兵激光",
      "★★★★★ 蚩尤巨炮",
      "★★★★★ 妖精剑·希尔文",
      "★★★★★ 雨后誓言",
      "★★★★★ 游骑兵十字架",
      "★★★★★ 背叛者巨剑",
      "★★★★★ 天父大剑",
      "★★★★★ 杰克灯笼",
      "★★★★★ 天火圣裁",
      "★★★★★ 万圣颂灵枪",
      "★★★★★ 飓风左轮",
      "★★★★★ 支配者手枪",
      "★★★★★ 零落",
      "★★★★★ 教父霸王拳",
      "★★★★★ 游骑兵腕甲",
      "★★★★★ 银河追光",
      "★★★★★ 暴食节刀",
      "★★★★★ 疾风太刀",
      "★★★★★ 反力场打刀11式",
      "★★★★★ 调频噬能枪",
      "★★★★★ 星空音浪",
      "★★★★★ 篡夺者手炮",
      "★★★★★ 潜伏者加农",
      "★★★★★ 吞噬火炮",
      "★★★★★ 能量跃迁者",
      "★★★★★ 尤弥尔之腕",
      "★★★★★ 粽叶手弩",
      "★★★★★ 律动新星",
      "★★★★★ 蓝色梦泡泡",
      "★★★★★ 神火试炼",
      "★★★★★ 轩辕剑",
      "★★★★★ 一条咸鱼"
    ],
    "_超限武器":[
      "★★★★★ 万古一炬 · 燎",
      "★★★★★ 游航的定锚 · 星之旅",
      "★★★★★ 血染赤匣 · 爱之切",
      "★★★★★ 不识时务 · 玉石俱摧",
      "★★★★★ 裁梦 · 白夜星芒",
      "★★★★★ 撷生之径：你我如一",
      "★★★★★ 星河舞曲 · 启明之章",
      "★★★★★ 凡念梦兆 · 诸相自为",
      "★★★★★ 娑影琉光：熠之花",
      "★★★★★ 澄凝之境：自性纯一",
      "★★★★★ 无名之境：万物资始",
      "★★★★★ 升恒之境：存理交续",
      "★★★★★ 往世的华章 · 时之墟",
      "★★★★★ 旅梦时舵Λ-I",
      "★★★★★ 伊甸之星 · 世界",
      "★★★★★ 夜衔烛 · 飞光",
      "★★★★★ 真我之境 · 无瑕回归",
      "★★★★★ 往世的绝塔 · 丝之梯",
      "★★★★★ 涤罪七雷 · 鸣雷见",
      "★★★★★ 往世的星空 · 心之彩",
      "★★★★★ 往世的苦囚 · 命之契",
      "★★★★★ 往世的幻梦 · 夜之瞳",
      "★★★★★ 子夜的阿塔吉娜",
      "★★★★★ 裁星刃 双鱼座",
      "★★★★★ 蓝焰银隼 · 最终企划",
      "★★★★★ 冥夜之赫卡忒",
      "★★★★★ 往世的蛇影 · 死之衣",
      "★★★★★ 往世的飞花 · 爱之诗",
      "★★★★★ 黑渊白花 · 创灭螺旋",
      "★★★★★ 湛寂之赫勒尔",
      "★★★★★ 焢煌之境：劫炎永燎",
      "★★★★★ 血渊之眸 · 如一",
      "★★★★★ 彼岸之扉 · 连理",
      "★★★★★ 拂手阴晴",
      "★★★★★ 真理之境：启示",
      "★★★★★ 睡美人之梦",
      "★★★★★ 涅炎剑 · 史尔特尔",
      "★★★★★ 歼星者19C-X",
      "★★★★★ 百手巨人终型",
      "★★★★★ 重磁暴 · 斩",
      "★★★★★ 贯星枪 人马座",
      "★★★★★ 天霜之斯卡蒂",
      "★★★★★ 魂妖刀 血樱寂灭",
      "★★★★★ 天殛之境：裁决",
      "★★★★★ 千翎湮尘",
      "★★★★★ 樱花的救赎",
      "★★★★★ 御灵刀 寒狱冰天",
      "★★★★★ 空无之境：永劫",
      "★★★★★ 无存之境：意识",
      "★★★★★ 阳电子手炮",
      "★★★★★ 幽夜狂想曲",
      "★★★★★ 胧光之努亚达",
      "★★★★★ 冥府携香",
      "★★★★★ 11th原典",
      "★★★★★ 劫灭无烬"
    ],
  "_原五星没歪":[
    "武器 | {_原五星没歪武器}",
    "角色 | {_原五星没歪角色}"
  ],
  "_原五星常驻":[
    "武器 | {_原五星常驻武器}",
    "角色 | {_原五星常驻角色}"
  ],
    "_原五星没歪武器":[
      "★★★★★ 白雨心弦",
      "★★★★★ 静水流涌之辉",
      "★★★★★ 赦罪",
      "★★★★★ 赤月之形",
      "★★★★★ 有乐御簾切",
      "★★★★★ 鹤鸣余音",
      "★★★★★ 裁断",
      "★★★★★ 斫峰之刃",
      "★★★★★ 雾切之回光",
      "★★★★★ 苍古自由之誓",
      "★★★★★ 磐岩结绿",
      "★★★★★ 波乱月白经津",
      "★★★★★ 松籁响起之时",
      "★★★★★ 无工之剑",
      "★★★★★ 赤角石溃杵",
      "★★★★★ 冬极白星",
      "★★★★★ 终末嗟叹之诗",
      "★★★★★ 飞雷之弦振",
      "★★★★★ 若水",
      "★★★★★ 神乐之真意",
      "★★★★★ 不灭月华",
      "★★★★★ 尘世之锁",
      "★★★★★ 贯虹之槊",
      "★★★★★ 薙草之稻光",
      "★★★★★ 护摩之杖",
      "★★★★★ 和璞鸢",
      "★★★★★ 赤沙之杖",
      "★★★★★ 圣显之钥",
      "★★★★★ 千夜浮梦",
      "★★★★★ 图莱杜拉的回忆",
      "★★★★★ 苇海信标",
      "★★★★★ 碧落之珑",
      "★★★★★ 裁叶萃光",
      "★★★★★ 最初的大魔术师",
      "★★★★★ 万世流涌大典",
      "★★★★★ 金流监督"
    ],
    "_原五星没歪角色":[
      "★★★★★ 希格雯",
      "★★★★★ 柯洛琳德",
      "★★★★★ 阿蕾齐诺",
      "★★★★★ 千织",
      "★★★★★ 闲云",
      "★★★★★ 娜维娅",
      "★★★★★ 芙宁娜",
      "★★★★★ 温迪", 
      "★★★★★ 可莉",
      "★★★★★ 阿贝多",
      "★★★★★ 达达利亚",
      "★★★★★ 钟离",
      "★★★★★ 魈",
      "★★★★★ 胡桃",
      "★★★★★ 甘雨",
      "★★★★★ 优菈",
      "★★★★★ 枫原万叶",
      "★★★★★ 神里绫华",
      "★★★★★ 宵宫",
      "★★★★★ 雷电将军",
      "★★★★★ 珊瑚宫心海",
      "★★★★★ 荒泷一斗",
      "★★★★★ 申鹤",
      "★★★★★ 八重神子",
      "★★★★★ 神里绫人",
      "★★★★★ 流浪者",
      "★★★★★ 赛诺",
      "★★★★★ 妮露",
      "★★★★★ 艾尔海森",
      "★★★★★ 猎人之径",
      "★★★★★ 纳西妲",
      "★★★★★ 白术",
      "★★★★★ 林尼",
      "★★★★★ 那维莱特",
      "★★★★★ 莱欧斯利"
    ],

    "_原五星常驻武器":[
      "★★★★★ 四风原典",
      "★★★★★ 天空之卷",
      "★★★★★ 和璞鸢",
      "★★★★★ 天空之翼",
      "★★★★★ 阿莫斯之弓",
      "★★★★★ 狼的末路",
      "★★★★★ 天空之傲",
      "★★★★★ 风鹰剑",
      "★★★★★ 天空之刃"
    ],
    "_原五星常驻角色":[
        "★★★★★ 迪卢克",
        "★★★★★ 琴",
        "★★★★★ 莫娜",
        "★★★★★ 七七",
        "★★★★★ 刻晴",
        "★★★★★ 提纳里",
        "★★★★★ 迪希雅"
    ],
  "_铁五星没歪":[
    "武器 | {_铁五星没歪武器}",
    "角色 | {_铁五星没歪角色}"
  ],
  "_铁五星常驻":[
    "武器 | {_铁五星常驻武器}",
    "角色 | {_铁五星常驻角色}"
  ],
    "_铁五星没歪武器":[
      "★★★★★ 偏偏希望无价",
      "★★★★★ 梦应归于何处",
      "★★★★★ 不息的演算",
      "★★★★★ 镜中故我",
      "★★★★★ 驶向第二次生命",
      "★★★★★ 夜色流光溢彩",
      "★★★★★ 命运从不公平",
      "★★★★★ 行于流逝的岸",
      "★★★★★ 记一位星神的陨落",
      "★★★★★ 于夜色中",
      "★★★★★ 只需等待",
      "★★★★★ 雨一直下",
      "★★★★★ 棺的回想",
      "★★★★★ 到不了的彼岸",
      "★★★★★ 拂晓之时",
      "★★★★★ 她已闭上双眼",
      "★★★★★ 比阳光更明亮的",
      "★★★★★ 烦恼着，幸福着",
      "★★★★★ 惊魂夜",
      "★★★★★ 片刻，留在眼底",
      "★★★★★ 镜中故我",
      "★★★★★ 纯粹思维的洗礼",
      "★★★★★ 重塑时光之忆",
      "★★★★★ 星海巡航",
      "★★★★★ 记忆的质料",
      "★★★★★ 孤独的疗愈",
      "★★★★★ 游戏尘寰",
      "★★★★★ 此身为剑"
    ],
    "_铁五星没歪角色":[
      "★★★★★ 椒丘", 
      "★★★★★ 云璃", 
      "★★★★★ 翡翠", 
      "★★★★★ 波提欧", 
      "★★★★★ 流萤", 
      "★★★★★ 知更鸟", 
      "★★★★★ 砂金", 
      "★★★★★ 黄泉", 
      "★★★★★ 镜流", 
      "★★★★★ 丹恒·饮月",
      "★★★★★ 藿藿",
      "★★★★★ 阮·梅",
      "★★★★★ 真理医生",
      "★★★★★ 卡芙卡",
      "★★★★★ 银狼",
      "★★★★★ 希儿",
      "★★★★★ 托帕＆账账",
      "★★★★★ 罗刹",
      "★★★★★ 景元",
      "★★★★★ 刃",
      "★★★★★ 符玄",
      "★★★★★ 银枝",
      "★★★★★ 黑天鹅",
      "★★★★★ 花火"
    ],
    "_铁五星常驻武器":[
      "★★★★★ 以世界之名",
      "★★★★★ 时节不居",
      "★★★★★ 银河铁道之夜",
      "★★★★★ 无可取代的东西",
      "★★★★★ 但战斗还未结束",
      "★★★★★ 致胜的瞬间",
      "★★★★★ 如泥酣眠"
    ],
    "_铁五星常驻角色":[
      "★★★★★ 姬子",
      "★★★★★ 瓦尔特",
      "★★★★★ 白露",
      "★★★★★ 布洛妮娅",
      "★★★★★ 杰帕德",
      "★★★★★ 克拉拉",
      "★★★★★ 彦卿"
    ],
    "_绝五星没歪":[
      "音擎 | {_绝五星没歪武器}",
      "角色 | {_绝五星没歪角色}",
      "邦布 | {_绝五星邦布}"
    ],
    "_绝五星常驻":[
      "音擎 | {_绝五星常驻武器}",
      "角色 | {_绝五星常驻角色}",
      "邦布 | {_绝五星邦布}"
    ],
    "_绝五星没歪武器":[
      "S级      深海访客"
    ],
    "_绝五星没歪角色":[
      "S级      艾莲"
    ],
    "_绝五星常驻武器":[
      "S级      拘缚者",
      "S级      燃狱齿轮",
      "S级      嵌合编译器",
      "S级      钢铁肉垫",
      "S级      硫磺石",
      "S级      啜泣摇篮"
    ],
    "_绝五星常驻角色":[
      "S级      11号",
      "S级      猫又",
      "S级      格莉丝",
      "S级      珂蕾妲",
      "S级      莱卡恩",
      "S级      丽娜"
    ],
    "_绝五星邦布":[
      "S级      插头布",
      "S级      阿全",
      "S级      艾米莉安",
      "S级      飚速布",
      "S级      共鸣布",
      "S级      巴特勒",
      "S级      左轮布",
      "S级      鲨牙布"

    ],

"_其他":[
  "道具 | ★★★★ 开封菜疯狂星期四"
],
  "_原六星":[
    "★★★★★★ 风神-巴巴托斯",
    "★★★★★★ 岩神-摩拉克斯",
    "★★★★★★ 雷神-巴尔泽布",
    "★★★★★★ 树王-■■■■",
    "★★★★★★ 草神-布耶尔",
    "★★★★★★ 水神-芙卡洛斯",
    "★★★★★★ 水龙王-那维莱特"
  ],
  "_原刀子":[
    "道具 | ★★★★★ 初生白枝", 
    "道具 | ★★★ 花散里的面具",
    "道具 | ★★★ 生锈的木簧笛",
    "道具 | ★★★★ 「花冠」",
    "道具 | ★★★★ 「美好相遇」",
    "道具 | ★★★★ 梦樱",
    "道具 | ★☆☆ 一把被废弃的刀",
    "道具 | ★☆☆ 风干的小花",
    "道具 | ★★★★★ 哈夫丹",
    "道具 | ★★★★★ 友人",
    "道具 | ★★★★★ 归终",
    "道具 | ★★★★ 原始胎海水",
    "道具 | ★★★★ 蛋，糖，杏仁，",
    "道具 | ★★★★ 卡卡塔",
    "道具 | ★★★★ 涤尘铃",
    "道具 | ★★★★ 永远的友谊"
  ],
  "_原其他":[
      "角色 | ★★★★★ 希娜小姐"
  ],
  "_夜叉":[
      "★★★★★ 水夜叉-伐难",
      "★★★★★ 岩夜叉-弥怒",
      "★★★★★ 雷夜叉-浮舍",
      "★★★★★ 火夜叉-应达"
  ],
  "_愚人众":[
      "★★★★★ 「丑角」",
      "★★★★★ 「少女」",
      "★★★★★ 「公鸡」",
      "★★★★★ 「富人」",
      "★★★★★ 「仆人」",
      "★★★★★ 「公子」",
      "★★★★★ 「木偶」",
      "★★★★★ 「队长」",
      "★★★★★ 「博士」",
      "★★★★★ 「女士」"
  ],
  "_璃月真君":[
    "★★★★★ 歌尘浪市真君",
    "★★★★★ 理水叠山真君",
    "★★★★★ 削月筑阳真君",
    "★★★★★ 移宵导天真君",
    "★★★★★ 救苦渡厄真君",
    "★★★★★ 销红霁雨真君",
    "★★★★★ 寻瑰纳绮真君",
    "★★★★★ 鸣海栖霞真君"
  ],
  "_铁梗":[
    "道具 | ★★★★ 信甩点",
    "材料 | ★★★★ 金色垃圾",
    "道具 | ★★★★ 崇高道德的赞许",
    "道具 | ★★★★ 以太硬币",
    "道具 | ★★★★ 帕姆美味桶",
    "角色 | ★★★★ 停云(幻陇)",
    "道具 | ★★★★ 罗浮杂俎十万粉丝牌",
    "道具 | ★★★★★ 罗浮杂俎百万粉丝牌",
    "道具 | ★★★★ 结盟玉兆",
    "道具 | ★★★★ 花火妙妙包"
  ],
  "_铁刀子":[
    "道具 | ★★★★ 三月七的「起点」",
    "道具 | ★★★★ 莹汁",
    "道具 | ★★★★ 损坏的八音盒",
    "道具 | ★★★★ 红色转译录",
    "道具 | ★★★★ 蓝色转译录",
    "道具 | ★★★★ 裂界怪物盔甲"
  ],
  "_铁货币":[
    "货币 | ★★★ 黑塔币",
    "货币 | ★★★ 冬城盾",
    "货币 | ★★★ 巡镝",
    "货币 | ★★★ 金表钞",
    "货币 | ★★★★ 艾迪恩代币"

  ],
  "_崩梗":[
    "武器 | ★★★★★ 我将发动一次NB的攻击",
    "道具 | ★★★★★ 比！太！阳！更！光！"
  ],
  "_崩刀":[
    "道具 | ★★★★★ 断裂的大剑",
    "道具 | ★★★★★ 崩坏血清",
    "武器 | ★★★★★ 逆飞的流星",
    "武器 | ★★★★★ 甜椒咖喱"
  ]
}